PRAGMA foreign_keys=OFF;
BEGIN TRANSACTION;
CREATE TABLE master (id INTEGER PRIMARY KEY, name VARCHAR);
INSERT INTO "master" VALUES(1,'Динара');
INSERT INTO "master" VALUES(2,'Оля');
INSERT INTO "master" VALUES(3,'Макс');
INSERT INTO "master" VALUES(4,'Айзат');
INSERT INTO "master" VALUES(5,'Наташа');
INSERT INTO "master" VALUES(6,'Мерим');
INSERT INTO "master" VALUES(7,'Аня');
INSERT INTO "master" VALUES(8,'Гуля');
INSERT INTO "master" VALUES(9,'Саша');
CREATE TABLE master_stack (id INTEGER PRIMARY KEY, master_id INTEGER, removed TINYINT);
INSERT INTO "master_stack" VALUES(1,1,1);
INSERT INTO "master_stack" VALUES(2,2,1);
INSERT INTO "master_stack" VALUES(3,3,1);
INSERT INTO "master_stack" VALUES(4,4,1);
INSERT INTO "master_stack" VALUES(5,5,1);
INSERT INTO "master_stack" VALUES(6,1,1);
INSERT INTO "master_stack" VALUES(7,5,1);
INSERT INTO "master_stack" VALUES(8,3,1);
INSERT INTO "master_stack" VALUES(9,1,1);
INSERT INTO "master_stack" VALUES(10,6,1);
INSERT INTO "master_stack" VALUES(11,5,1);
INSERT INTO "master_stack" VALUES(12,7,1);
INSERT INTO "master_stack" VALUES(13,5,1);
INSERT INTO "master_stack" VALUES(14,6,1);
INSERT INTO "master_stack" VALUES(15,7,1);
INSERT INTO "master_stack" VALUES(16,7,1);
INSERT INTO "master_stack" VALUES(17,6,1);
INSERT INTO "master_stack" VALUES(18,3,1);
INSERT INTO "master_stack" VALUES(19,6,1);
INSERT INTO "master_stack" VALUES(20,7,1);
INSERT INTO "master_stack" VALUES(21,5,1);
INSERT INTO "master_stack" VALUES(22,6,1);
INSERT INTO "master_stack" VALUES(23,3,1);
INSERT INTO "master_stack" VALUES(24,7,1);
INSERT INTO "master_stack" VALUES(25,3,1);
INSERT INTO "master_stack" VALUES(26,5,1);
INSERT INTO "master_stack" VALUES(27,6,1);
INSERT INTO "master_stack" VALUES(28,7,1);
INSERT INTO "master_stack" VALUES(29,5,1);
INSERT INTO "master_stack" VALUES(30,9,1);
INSERT INTO "master_stack" VALUES(31,8,1);
INSERT INTO "master_stack" VALUES(32,7,1);
INSERT INTO "master_stack" VALUES(33,5,1);
INSERT INTO "master_stack" VALUES(34,6,1);
INSERT INTO "master_stack" VALUES(35,3,1);
INSERT INTO "master_stack" VALUES(36,7,1);
INSERT INTO "master_stack" VALUES(37,8,1);
INSERT INTO "master_stack" VALUES(38,9,1);
INSERT INTO "master_stack" VALUES(39,8,1);
INSERT INTO "master_stack" VALUES(40,6,1);
INSERT INTO "master_stack" VALUES(41,5,1);
INSERT INTO "master_stack" VALUES(42,3,1);
INSERT INTO "master_stack" VALUES(43,6,1);
INSERT INTO "master_stack" VALUES(44,8,1);
INSERT INTO "master_stack" VALUES(45,9,1);
INSERT INTO "master_stack" VALUES(46,7,1);
INSERT INTO "master_stack" VALUES(47,5,1);
INSERT INTO "master_stack" VALUES(48,6,1);
INSERT INTO "master_stack" VALUES(49,7,1);
INSERT INTO "master_stack" VALUES(50,7,1);
INSERT INTO "master_stack" VALUES(51,3,1);
INSERT INTO "master_stack" VALUES(52,9,1);
INSERT INTO "master_stack" VALUES(53,6,1);
INSERT INTO "master_stack" VALUES(54,5,1);
INSERT INTO "master_stack" VALUES(55,3,1);
INSERT INTO "master_stack" VALUES(56,7,1);
INSERT INTO "master_stack" VALUES(57,3,1);
INSERT INTO "master_stack" VALUES(58,9,1);
INSERT INTO "master_stack" VALUES(59,6,1);
INSERT INTO "master_stack" VALUES(60,7,1);
INSERT INTO "master_stack" VALUES(61,3,1);
INSERT INTO "master_stack" VALUES(62,5,1);
INSERT INTO "master_stack" VALUES(63,9,1);
INSERT INTO "master_stack" VALUES(64,6,1);
INSERT INTO "master_stack" VALUES(65,8,1);
INSERT INTO "master_stack" VALUES(66,3,1);
INSERT INTO "master_stack" VALUES(67,7,1);
INSERT INTO "master_stack" VALUES(68,5,1);
INSERT INTO "master_stack" VALUES(69,9,1);
INSERT INTO "master_stack" VALUES(70,6,1);
INSERT INTO "master_stack" VALUES(71,7,1);
INSERT INTO "master_stack" VALUES(72,5,1);
INSERT INTO "master_stack" VALUES(73,8,1);
INSERT INTO "master_stack" VALUES(74,5,1);
INSERT INTO "master_stack" VALUES(75,9,1);
INSERT INTO "master_stack" VALUES(76,3,1);
INSERT INTO "master_stack" VALUES(77,6,1);
INSERT INTO "master_stack" VALUES(78,7,1);
INSERT INTO "master_stack" VALUES(79,5,1);
INSERT INTO "master_stack" VALUES(80,9,1);
INSERT INTO "master_stack" VALUES(81,6,1);
INSERT INTO "master_stack" VALUES(82,7,1);
INSERT INTO "master_stack" VALUES(83,9,1);
INSERT INTO "master_stack" VALUES(84,6,1);
INSERT INTO "master_stack" VALUES(85,8,1);
INSERT INTO "master_stack" VALUES(86,7,1);
INSERT INTO "master_stack" VALUES(87,9,1);
INSERT INTO "master_stack" VALUES(88,8,1);
INSERT INTO "master_stack" VALUES(89,9,1);
INSERT INTO "master_stack" VALUES(90,1,1);
INSERT INTO "master_stack" VALUES(91,6,1);
INSERT INTO "master_stack" VALUES(92,6,1);
INSERT INTO "master_stack" VALUES(93,3,1);
INSERT INTO "master_stack" VALUES(94,6,1);
INSERT INTO "master_stack" VALUES(95,3,1);
INSERT INTO "master_stack" VALUES(96,4,1);
INSERT INTO "master_stack" VALUES(97,6,1);
INSERT INTO "master_stack" VALUES(98,3,1);
INSERT INTO "master_stack" VALUES(99,6,1);
INSERT INTO "master_stack" VALUES(100,3,1);
INSERT INTO "master_stack" VALUES(101,4,1);
INSERT INTO "master_stack" VALUES(102,8,1);
INSERT INTO "master_stack" VALUES(103,6,1);
INSERT INTO "master_stack" VALUES(104,3,1);
INSERT INTO "master_stack" VALUES(105,4,1);
INSERT INTO "master_stack" VALUES(106,3,1);
INSERT INTO "master_stack" VALUES(107,7,1);
INSERT INTO "master_stack" VALUES(108,1,1);
INSERT INTO "master_stack" VALUES(109,6,1);
INSERT INTO "master_stack" VALUES(110,1,1);
INSERT INTO "master_stack" VALUES(111,3,1);
INSERT INTO "master_stack" VALUES(112,1,1);
INSERT INTO "master_stack" VALUES(113,8,1);
INSERT INTO "master_stack" VALUES(114,7,1);
INSERT INTO "master_stack" VALUES(115,3,1);
INSERT INTO "master_stack" VALUES(116,4,1);
INSERT INTO "master_stack" VALUES(117,7,1);
INSERT INTO "master_stack" VALUES(118,8,1);
INSERT INTO "master_stack" VALUES(119,6,1);
INSERT INTO "master_stack" VALUES(120,1,1);
INSERT INTO "master_stack" VALUES(121,3,1);
INSERT INTO "master_stack" VALUES(122,7,1);
INSERT INTO "master_stack" VALUES(123,1,1);
INSERT INTO "master_stack" VALUES(124,8,1);
INSERT INTO "master_stack" VALUES(125,3,1);
INSERT INTO "master_stack" VALUES(126,7,1);
INSERT INTO "master_stack" VALUES(127,6,1);
INSERT INTO "master_stack" VALUES(128,1,1);
INSERT INTO "master_stack" VALUES(129,4,1);
INSERT INTO "master_stack" VALUES(130,7,1);
INSERT INTO "master_stack" VALUES(131,3,1);
INSERT INTO "master_stack" VALUES(132,3,1);
INSERT INTO "master_stack" VALUES(133,1,1);
INSERT INTO "master_stack" VALUES(134,7,1);
INSERT INTO "master_stack" VALUES(135,4,1);
INSERT INTO "master_stack" VALUES(136,3,1);
INSERT INTO "master_stack" VALUES(137,6,1);
INSERT INTO "master_stack" VALUES(138,4,1);
INSERT INTO "master_stack" VALUES(139,1,1);
INSERT INTO "master_stack" VALUES(140,8,1);
INSERT INTO "master_stack" VALUES(141,3,1);
INSERT INTO "master_stack" VALUES(142,6,1);
INSERT INTO "master_stack" VALUES(143,4,1);
INSERT INTO "master_stack" VALUES(144,7,1);
INSERT INTO "master_stack" VALUES(145,1,1);
INSERT INTO "master_stack" VALUES(146,6,1);
INSERT INTO "master_stack" VALUES(147,3,1);
INSERT INTO "master_stack" VALUES(148,8,1);
INSERT INTO "master_stack" VALUES(149,3,1);
INSERT INTO "master_stack" VALUES(150,1,1);
INSERT INTO "master_stack" VALUES(151,6,1);
INSERT INTO "master_stack" VALUES(152,8,1);
INSERT INTO "master_stack" VALUES(153,4,1);
INSERT INTO "master_stack" VALUES(154,7,1);
INSERT INTO "master_stack" VALUES(155,3,1);
INSERT INTO "master_stack" VALUES(156,1,1);
INSERT INTO "master_stack" VALUES(157,8,1);
INSERT INTO "master_stack" VALUES(158,4,1);
INSERT INTO "master_stack" VALUES(159,7,1);
INSERT INTO "master_stack" VALUES(160,3,1);
INSERT INTO "master_stack" VALUES(161,8,1);
INSERT INTO "master_stack" VALUES(162,4,1);
INSERT INTO "master_stack" VALUES(163,6,1);
INSERT INTO "master_stack" VALUES(164,7,1);
INSERT INTO "master_stack" VALUES(165,1,1);
INSERT INTO "master_stack" VALUES(166,3,1);
INSERT INTO "master_stack" VALUES(167,4,1);
INSERT INTO "master_stack" VALUES(168,8,1);
INSERT INTO "master_stack" VALUES(169,6,1);
INSERT INTO "master_stack" VALUES(170,1,1);
INSERT INTO "master_stack" VALUES(171,7,1);
INSERT INTO "master_stack" VALUES(172,4,1);
INSERT INTO "master_stack" VALUES(173,3,1);
INSERT INTO "master_stack" VALUES(174,7,1);
INSERT INTO "master_stack" VALUES(175,6,1);
INSERT INTO "master_stack" VALUES(176,4,1);
INSERT INTO "master_stack" VALUES(177,3,1);
INSERT INTO "master_stack" VALUES(178,6,1);
INSERT INTO "master_stack" VALUES(179,3,1);
INSERT INTO "master_stack" VALUES(180,7,1);
INSERT INTO "master_stack" VALUES(181,1,1);
INSERT INTO "master_stack" VALUES(182,4,1);
INSERT INTO "master_stack" VALUES(183,3,1);
INSERT INTO "master_stack" VALUES(184,6,1);
INSERT INTO "master_stack" VALUES(185,1,1);
INSERT INTO "master_stack" VALUES(186,6,1);
INSERT INTO "master_stack" VALUES(187,1,1);
INSERT INTO "master_stack" VALUES(188,3,1);
INSERT INTO "master_stack" VALUES(189,7,1);
INSERT INTO "master_stack" VALUES(190,4,1);
INSERT INTO "master_stack" VALUES(191,6,1);
INSERT INTO "master_stack" VALUES(192,3,1);
INSERT INTO "master_stack" VALUES(193,7,1);
INSERT INTO "master_stack" VALUES(194,6,1);
INSERT INTO "master_stack" VALUES(195,4,1);
INSERT INTO "master_stack" VALUES(196,7,1);
INSERT INTO "master_stack" VALUES(197,1,1);
INSERT INTO "master_stack" VALUES(198,7,1);
INSERT INTO "master_stack" VALUES(199,5,1);
INSERT INTO "master_stack" VALUES(200,7,1);
INSERT INTO "master_stack" VALUES(201,1,1);
INSERT INTO "master_stack" VALUES(202,7,1);
INSERT INTO "master_stack" VALUES(203,1,1);
INSERT INTO "master_stack" VALUES(204,7,1);
INSERT INTO "master_stack" VALUES(205,4,1);
INSERT INTO "master_stack" VALUES(206,1,1);
INSERT INTO "master_stack" VALUES(207,7,1);
INSERT INTO "master_stack" VALUES(208,9,1);
INSERT INTO "master_stack" VALUES(209,3,1);
INSERT INTO "master_stack" VALUES(210,1,1);
INSERT INTO "master_stack" VALUES(211,4,1);
INSERT INTO "master_stack" VALUES(212,7,1);
INSERT INTO "master_stack" VALUES(213,9,1);
INSERT INTO "master_stack" VALUES(214,5,1);
INSERT INTO "master_stack" VALUES(215,7,1);
INSERT INTO "master_stack" VALUES(216,3,1);
INSERT INTO "master_stack" VALUES(217,9,1);
INSERT INTO "master_stack" VALUES(218,4,1);
INSERT INTO "master_stack" VALUES(219,3,1);
INSERT INTO "master_stack" VALUES(220,1,1);
INSERT INTO "master_stack" VALUES(221,7,1);
INSERT INTO "master_stack" VALUES(222,4,1);
INSERT INTO "master_stack" VALUES(223,3,1);
INSERT INTO "master_stack" VALUES(224,9,1);
INSERT INTO "master_stack" VALUES(225,7,1);
INSERT INTO "master_stack" VALUES(226,5,1);
INSERT INTO "master_stack" VALUES(227,3,1);
INSERT INTO "master_stack" VALUES(228,4,1);
INSERT INTO "master_stack" VALUES(229,3,1);
INSERT INTO "master_stack" VALUES(230,5,1);
INSERT INTO "master_stack" VALUES(231,9,1);
INSERT INTO "master_stack" VALUES(232,3,1);
INSERT INTO "master_stack" VALUES(233,4,1);
INSERT INTO "master_stack" VALUES(234,7,1);
INSERT INTO "master_stack" VALUES(235,3,1);
INSERT INTO "master_stack" VALUES(236,7,1);
INSERT INTO "master_stack" VALUES(237,1,1);
INSERT INTO "master_stack" VALUES(238,7,1);
INSERT INTO "master_stack" VALUES(239,9,1);
INSERT INTO "master_stack" VALUES(240,3,1);
INSERT INTO "master_stack" VALUES(241,4,1);
INSERT INTO "master_stack" VALUES(242,5,1);
INSERT INTO "master_stack" VALUES(243,1,1);
INSERT INTO "master_stack" VALUES(244,9,1);
INSERT INTO "master_stack" VALUES(245,3,1);
INSERT INTO "master_stack" VALUES(246,7,1);
INSERT INTO "master_stack" VALUES(247,1,1);
INSERT INTO "master_stack" VALUES(248,3,1);
INSERT INTO "master_stack" VALUES(249,9,1);
INSERT INTO "master_stack" VALUES(250,4,1);
INSERT INTO "master_stack" VALUES(251,1,1);
INSERT INTO "master_stack" VALUES(252,3,1);
INSERT INTO "master_stack" VALUES(253,9,1);
INSERT INTO "master_stack" VALUES(254,7,1);
INSERT INTO "master_stack" VALUES(255,5,1);
INSERT INTO "master_stack" VALUES(256,7,1);
INSERT INTO "master_stack" VALUES(257,1,1);
INSERT INTO "master_stack" VALUES(258,4,1);
INSERT INTO "master_stack" VALUES(259,3,1);
INSERT INTO "master_stack" VALUES(260,9,1);
INSERT INTO "master_stack" VALUES(261,5,1);
INSERT INTO "master_stack" VALUES(262,3,1);
INSERT INTO "master_stack" VALUES(263,1,1);
INSERT INTO "master_stack" VALUES(264,7,1);
INSERT INTO "master_stack" VALUES(265,4,1);
INSERT INTO "master_stack" VALUES(266,9,1);
INSERT INTO "master_stack" VALUES(267,3,1);
INSERT INTO "master_stack" VALUES(268,5,1);
INSERT INTO "master_stack" VALUES(269,1,1);
INSERT INTO "master_stack" VALUES(270,9,1);
INSERT INTO "master_stack" VALUES(271,7,1);
INSERT INTO "master_stack" VALUES(272,3,1);
INSERT INTO "master_stack" VALUES(273,4,1);
INSERT INTO "master_stack" VALUES(274,9,1);
INSERT INTO "master_stack" VALUES(275,1,1);
INSERT INTO "master_stack" VALUES(276,4,1);
INSERT INTO "master_stack" VALUES(277,3,1);
INSERT INTO "master_stack" VALUES(278,7,1);
INSERT INTO "master_stack" VALUES(279,9,1);
INSERT INTO "master_stack" VALUES(280,4,1);
INSERT INTO "master_stack" VALUES(281,1,1);
INSERT INTO "master_stack" VALUES(282,5,1);
INSERT INTO "master_stack" VALUES(283,3,1);
INSERT INTO "master_stack" VALUES(284,9,1);
INSERT INTO "master_stack" VALUES(285,4,1);
INSERT INTO "master_stack" VALUES(286,7,1);
INSERT INTO "master_stack" VALUES(287,3,1);
INSERT INTO "master_stack" VALUES(288,4,1);
INSERT INTO "master_stack" VALUES(289,1,1);
INSERT INTO "master_stack" VALUES(290,5,1);
INSERT INTO "master_stack" VALUES(291,9,1);
INSERT INTO "master_stack" VALUES(292,7,1);
INSERT INTO "master_stack" VALUES(293,1,1);
INSERT INTO "master_stack" VALUES(294,5,1);
INSERT INTO "master_stack" VALUES(295,9,1);
INSERT INTO "master_stack" VALUES(296,1,1);
INSERT INTO "master_stack" VALUES(297,3,1);
INSERT INTO "master_stack" VALUES(298,7,1);
INSERT INTO "master_stack" VALUES(299,9,1);
INSERT INTO "master_stack" VALUES(300,3,1);
INSERT INTO "master_stack" VALUES(301,1,1);
INSERT INTO "master_stack" VALUES(302,9,1);
INSERT INTO "master_stack" VALUES(303,7,1);
INSERT INTO "master_stack" VALUES(304,3,1);
INSERT INTO "master_stack" VALUES(305,4,1);
INSERT INTO "master_stack" VALUES(306,7,1);
INSERT INTO "master_stack" VALUES(307,3,1);
INSERT INTO "master_stack" VALUES(308,1,1);
INSERT INTO "master_stack" VALUES(309,4,1);
INSERT INTO "master_stack" VALUES(310,5,1);
INSERT INTO "master_stack" VALUES(311,1,1);
INSERT INTO "master_stack" VALUES(312,1,1);
INSERT INTO "master_stack" VALUES(313,3,1);
INSERT INTO "master_stack" VALUES(314,1,1);
INSERT INTO "master_stack" VALUES(315,5,1);
INSERT INTO "master_stack" VALUES(316,3,1);
INSERT INTO "master_stack" VALUES(317,1,1);
INSERT INTO "master_stack" VALUES(318,1,1);
INSERT INTO "master_stack" VALUES(319,3,1);
INSERT INTO "master_stack" VALUES(320,5,1);
INSERT INTO "master_stack" VALUES(321,3,1);
INSERT INTO "master_stack" VALUES(322,1,1);
INSERT INTO "master_stack" VALUES(323,5,1);
INSERT INTO "master_stack" VALUES(324,1,1);
INSERT INTO "master_stack" VALUES(325,3,1);
INSERT INTO "master_stack" VALUES(326,1,1);
INSERT INTO "master_stack" VALUES(327,7,1);
INSERT INTO "master_stack" VALUES(328,9,1);
INSERT INTO "master_stack" VALUES(329,8,1);
INSERT INTO "master_stack" VALUES(330,1,1);
INSERT INTO "master_stack" VALUES(331,5,1);
INSERT INTO "master_stack" VALUES(332,1,1);
INSERT INTO "master_stack" VALUES(333,3,1);
INSERT INTO "master_stack" VALUES(334,3,1);
INSERT INTO "master_stack" VALUES(335,7,1);
INSERT INTO "master_stack" VALUES(336,9,1);
INSERT INTO "master_stack" VALUES(337,3,1);
INSERT INTO "master_stack" VALUES(338,5,1);
INSERT INTO "master_stack" VALUES(339,1,1);
INSERT INTO "master_stack" VALUES(340,7,1);
INSERT INTO "master_stack" VALUES(341,3,1);
INSERT INTO "master_stack" VALUES(342,9,1);
INSERT INTO "master_stack" VALUES(343,5,1);
INSERT INTO "master_stack" VALUES(344,9,1);
INSERT INTO "master_stack" VALUES(345,1,1);
INSERT INTO "master_stack" VALUES(346,7,1);
INSERT INTO "master_stack" VALUES(347,3,1);
INSERT INTO "master_stack" VALUES(348,5,1);
INSERT INTO "master_stack" VALUES(349,9,1);
INSERT INTO "master_stack" VALUES(350,3,1);
INSERT INTO "master_stack" VALUES(351,7,1);
INSERT INTO "master_stack" VALUES(352,1,1);
INSERT INTO "master_stack" VALUES(353,8,1);
INSERT INTO "master_stack" VALUES(354,9,1);
INSERT INTO "master_stack" VALUES(355,3,1);
INSERT INTO "master_stack" VALUES(356,7,1);
INSERT INTO "master_stack" VALUES(357,5,1);
INSERT INTO "master_stack" VALUES(358,8,1);
INSERT INTO "master_stack" VALUES(359,7,1);
INSERT INTO "master_stack" VALUES(360,1,1);
INSERT INTO "master_stack" VALUES(361,3,1);
INSERT INTO "master_stack" VALUES(362,9,1);
INSERT INTO "master_stack" VALUES(363,5,1);
INSERT INTO "master_stack" VALUES(364,3,1);
INSERT INTO "master_stack" VALUES(365,1,1);
INSERT INTO "master_stack" VALUES(366,7,1);
INSERT INTO "master_stack" VALUES(367,9,1);
INSERT INTO "master_stack" VALUES(368,8,1);
INSERT INTO "master_stack" VALUES(369,3,1);
INSERT INTO "master_stack" VALUES(370,7,1);
INSERT INTO "master_stack" VALUES(371,9,1);
INSERT INTO "master_stack" VALUES(372,1,1);
INSERT INTO "master_stack" VALUES(373,3,1);
INSERT INTO "master_stack" VALUES(374,9,1);
INSERT INTO "master_stack" VALUES(375,8,1);
INSERT INTO "master_stack" VALUES(376,3,1);
INSERT INTO "master_stack" VALUES(377,7,1);
INSERT INTO "master_stack" VALUES(378,1,1);
INSERT INTO "master_stack" VALUES(379,9,1);
INSERT INTO "master_stack" VALUES(380,3,1);
INSERT INTO "master_stack" VALUES(381,5,1);
INSERT INTO "master_stack" VALUES(382,8,1);
INSERT INTO "master_stack" VALUES(383,9,1);
INSERT INTO "master_stack" VALUES(384,3,1);
INSERT INTO "master_stack" VALUES(385,7,1);
INSERT INTO "master_stack" VALUES(386,1,1);
INSERT INTO "master_stack" VALUES(387,7,1);
INSERT INTO "master_stack" VALUES(388,5,1);
INSERT INTO "master_stack" VALUES(389,9,1);
INSERT INTO "master_stack" VALUES(390,8,1);
INSERT INTO "master_stack" VALUES(391,1,1);
INSERT INTO "master_stack" VALUES(392,1,1);
INSERT INTO "master_stack" VALUES(393,3,1);
INSERT INTO "master_stack" VALUES(394,7,1);
INSERT INTO "master_stack" VALUES(395,8,1);
INSERT INTO "master_stack" VALUES(396,3,1);
INSERT INTO "master_stack" VALUES(397,9,1);
INSERT INTO "master_stack" VALUES(398,1,1);
INSERT INTO "master_stack" VALUES(399,7,1);
INSERT INTO "master_stack" VALUES(400,3,1);
INSERT INTO "master_stack" VALUES(401,8,1);
INSERT INTO "master_stack" VALUES(402,9,1);
INSERT INTO "master_stack" VALUES(403,1,1);
INSERT INTO "master_stack" VALUES(404,3,1);
INSERT INTO "master_stack" VALUES(405,7,1);
INSERT INTO "master_stack" VALUES(406,9,1);
INSERT INTO "master_stack" VALUES(407,1,1);
INSERT INTO "master_stack" VALUES(408,3,1);
INSERT INTO "master_stack" VALUES(409,9,1);
INSERT INTO "master_stack" VALUES(410,7,1);
INSERT INTO "master_stack" VALUES(411,9,1);
INSERT INTO "master_stack" VALUES(412,8,1);
INSERT INTO "master_stack" VALUES(413,1,1);
INSERT INTO "master_stack" VALUES(414,3,1);
INSERT INTO "master_stack" VALUES(415,1,1);
INSERT INTO "master_stack" VALUES(416,7,1);
INSERT INTO "master_stack" VALUES(417,8,1);
INSERT INTO "master_stack" VALUES(418,3,1);
INSERT INTO "master_stack" VALUES(419,5,1);
INSERT INTO "master_stack" VALUES(420,9,1);
INSERT INTO "master_stack" VALUES(421,1,1);
INSERT INTO "master_stack" VALUES(422,3,1);
INSERT INTO "master_stack" VALUES(423,7,1);
INSERT INTO "master_stack" VALUES(424,7,1);
INSERT INTO "master_stack" VALUES(425,3,1);
INSERT INTO "master_stack" VALUES(426,1,1);
INSERT INTO "master_stack" VALUES(427,9,1);
INSERT INTO "master_stack" VALUES(428,8,1);
INSERT INTO "master_stack" VALUES(429,5,1);
INSERT INTO "master_stack" VALUES(430,9,1);
INSERT INTO "master_stack" VALUES(431,7,1);
INSERT INTO "master_stack" VALUES(432,3,1);
INSERT INTO "master_stack" VALUES(433,1,1);
INSERT INTO "master_stack" VALUES(434,3,1);
INSERT INTO "master_stack" VALUES(435,7,1);
INSERT INTO "master_stack" VALUES(436,9,1);
INSERT INTO "master_stack" VALUES(437,1,1);
INSERT INTO "master_stack" VALUES(438,3,1);
INSERT INTO "master_stack" VALUES(439,7,1);
INSERT INTO "master_stack" VALUES(440,1,1);
INSERT INTO "master_stack" VALUES(441,3,1);
INSERT INTO "master_stack" VALUES(442,9,1);
INSERT INTO "master_stack" VALUES(443,3,1);
INSERT INTO "master_stack" VALUES(444,7,1);
INSERT INTO "master_stack" VALUES(445,9,1);
INSERT INTO "master_stack" VALUES(446,3,1);
INSERT INTO "master_stack" VALUES(447,7,1);
INSERT INTO "master_stack" VALUES(448,8,1);
INSERT INTO "master_stack" VALUES(449,7,1);
INSERT INTO "master_stack" VALUES(450,6,1);
INSERT INTO "master_stack" VALUES(451,5,1);
INSERT INTO "master_stack" VALUES(452,7,1);
INSERT INTO "master_stack" VALUES(453,7,1);
INSERT INTO "master_stack" VALUES(454,5,1);
INSERT INTO "master_stack" VALUES(455,9,1);
INSERT INTO "master_stack" VALUES(456,8,1);
INSERT INTO "master_stack" VALUES(457,7,1);
INSERT INTO "master_stack" VALUES(458,9,1);
INSERT INTO "master_stack" VALUES(459,3,1);
INSERT INTO "master_stack" VALUES(460,9,1);
INSERT INTO "master_stack" VALUES(461,3,1);
INSERT INTO "master_stack" VALUES(462,7,1);
INSERT INTO "master_stack" VALUES(463,9,1);
INSERT INTO "master_stack" VALUES(464,3,1);
INSERT INTO "master_stack" VALUES(465,7,1);
INSERT INTO "master_stack" VALUES(466,5,1);
INSERT INTO "master_stack" VALUES(467,3,1);
INSERT INTO "master_stack" VALUES(468,7,1);
INSERT INTO "master_stack" VALUES(469,6,1);
INSERT INTO "master_stack" VALUES(470,8,1);
INSERT INTO "master_stack" VALUES(471,9,1);
INSERT INTO "master_stack" VALUES(472,3,1);
INSERT INTO "master_stack" VALUES(473,5,1);
INSERT INTO "master_stack" VALUES(474,7,1);
INSERT INTO "master_stack" VALUES(475,8,1);
INSERT INTO "master_stack" VALUES(476,6,1);
INSERT INTO "master_stack" VALUES(477,9,1);
INSERT INTO "master_stack" VALUES(478,3,1);
INSERT INTO "master_stack" VALUES(479,5,1);
INSERT INTO "master_stack" VALUES(480,7,1);
INSERT INTO "master_stack" VALUES(481,8,1);
INSERT INTO "master_stack" VALUES(482,3,1);
INSERT INTO "master_stack" VALUES(483,6,1);
INSERT INTO "master_stack" VALUES(484,5,1);
INSERT INTO "master_stack" VALUES(485,3,1);
INSERT INTO "master_stack" VALUES(486,8,1);
INSERT INTO "master_stack" VALUES(487,6,1);
INSERT INTO "master_stack" VALUES(488,7,1);
INSERT INTO "master_stack" VALUES(489,3,1);
INSERT INTO "master_stack" VALUES(490,5,1);
INSERT INTO "master_stack" VALUES(491,6,1);
INSERT INTO "master_stack" VALUES(492,6,1);
INSERT INTO "master_stack" VALUES(493,5,1);
INSERT INTO "master_stack" VALUES(494,3,1);
INSERT INTO "master_stack" VALUES(495,7,1);
INSERT INTO "master_stack" VALUES(496,5,1);
INSERT INTO "master_stack" VALUES(497,3,1);
INSERT INTO "master_stack" VALUES(498,6,1);
INSERT INTO "master_stack" VALUES(499,7,1);
INSERT INTO "master_stack" VALUES(500,5,1);
INSERT INTO "master_stack" VALUES(501,3,1);
INSERT INTO "master_stack" VALUES(502,5,1);
INSERT INTO "master_stack" VALUES(503,7,1);
INSERT INTO "master_stack" VALUES(504,3,1);
INSERT INTO "master_stack" VALUES(505,7,1);
INSERT INTO "master_stack" VALUES(506,6,1);
INSERT INTO "master_stack" VALUES(507,8,NULL);
INSERT INTO "master_stack" VALUES(508,7,1);
INSERT INTO "master_stack" VALUES(509,3,1);
INSERT INTO "master_stack" VALUES(510,6,1);
INSERT INTO "master_stack" VALUES(511,5,NULL);
INSERT INTO "master_stack" VALUES(512,3,NULL);
CREATE TABLE administrator (id INTEGER PRIMARY KEY, name VARCHAR);
INSERT INTO "administrator" VALUES(1,'Клава');
INSERT INTO "administrator" VALUES(2,'Юля');
CREATE TABLE reserve_stack (removed TINYINT, id INTEGER PRIMARY KEY, name VARCHAR, phone VARCHAR, time TIMESTAMP);
INSERT INTO "reserve_stack" VALUES(1,1,'Олеся на окрашивание ','89247686306',1460611800);
INSERT INTO "reserve_stack" VALUES(1,2,'на окрашивание к наташе','к наташе',1460606400);
INSERT INTO "reserve_stack" VALUES(1,3,'Анастасия челка+ 1 срезом','89141108050',1460617200);
INSERT INTO "reserve_stack" VALUES(1,4,'ВЕСЕЛОВА МЕЛИРОВАНИЕ КОРНЕЙ К НАТАШЕ','89246611326',1460876400);
INSERT INTO "reserve_stack" VALUES(1,5,'СТРИЖКА НИКОЛАЕВА','89618675979',1460856600);
INSERT INTO "reserve_stack" VALUES(1,6,'ЯРОСЛАВ ДЕТ/СТРИЖКА (МАЛЬЧИК)','89148271391',1460872800);
INSERT INTO "reserve_stack" VALUES(1,7,'ИЛЬДАР СТРИЖКА МУЖСКАЯ','89244652908',1460869200);
INSERT INTO "reserve_stack" VALUES(NULL,8,'САВВИНОВА СТРИЖКА+ ОКРАШИВАНИЕ К ОЛЬГЕ','89659954861',1461128400);
INSERT INTO "reserve_stack" VALUES(1,9,'ЕЛЕНА МЕЛИРОВАНИЕ+СТРИЖКА','89142252275',1460872800);
INSERT INTO "reserve_stack" VALUES(NULL,10,'МАТРЕНА ПОДСТРИЧЬ КОНЦЫ ','89644173763',1460979000);
CREATE TABLE material (price NUMERIC, id INTEGER PRIMARY KEY, name VARCHAR(255), haircut_id INTEGER);
INSERT INTO "material" VALUES(400,1,'К',17);
INSERT INTO "material" VALUES(100,2,'Корр',17);
INSERT INTO "material" VALUES(50,4,'Оксиген',35);
INSERT INTO "material" VALUES(400,5,'Краска',54);
INSERT INTO "material" VALUES(150,6,'Супра',54);
INSERT INTO "material" VALUES(70,7,'Масло',54);
INSERT INTO "material" VALUES(200,8,'Термокератин',54);
INSERT INTO "material" VALUES(800,9,'Краска',19);
INSERT INTO "material" VALUES(150,10,'супра',156);
INSERT INTO "material" VALUES(800,11,'краска',196);
INSERT INTO "material" VALUES(400,12,'краска',198);
INSERT INTO "material" VALUES(100,13,'био химка',214);
INSERT INTO "material" VALUES(800,14,'краска делюкс',216);
INSERT INTO "material" VALUES(400,15,'краска сильвер',218);
INSERT INTO "material" VALUES(150,16,'супра',234);
INSERT INTO "material" VALUES(250,17,'био химка средние',264);
INSERT INTO "material" VALUES(400,18,'краска сильвер',276);
INSERT INTO "material" VALUES(150,19,'супра',293);
INSERT INTO "material" VALUES(400,20,'краска сильвер',293);
INSERT INTO "material" VALUES(150,21,'супра',298);
INSERT INTO "material" VALUES(400,22,'краска сильвер',318);
INSERT INTO "material" VALUES(70,23,'масло',318);
INSERT INTO "material" VALUES(100,24,'химка',362);
INSERT INTO "material" VALUES(300,25,'супра',367);
INSERT INTO "material" VALUES(400,26,'краска делюкс',367);
INSERT INTO "material" VALUES(70,27,'масло',367);
INSERT INTO "material" VALUES(400,28,'краска',374);
INSERT INTO "material" VALUES(350,29,'ГОРЯЧИЕ НОЖНИЦЫ ',404);
INSERT INTO "material" VALUES(300,30,'СУПРА',470);
INSERT INTO "material" VALUES(800,31,'КРАСКА',470);
INSERT INTO "material" VALUES(150,32,'СУПРА',484);
INSERT INTO "material" VALUES(300,33,'СУПРА',506);
INSERT INTO "material" VALUES(800,34,'КРАСКА',506);
INSERT INTO "material" VALUES(400,35,'КРАСКА',512);
INSERT INTO "material" VALUES(70,36,'МАСЛО',512);
INSERT INTO "material" VALUES(400,37,'КРАСКА',520);
INSERT INTO "material" VALUES(250,38,'ТЕРМОКЕРАТИН',520);
INSERT INTO "material" VALUES(1200,39,'КРАСКА',523);
INSERT INTO "material" VALUES(450,40,'СУПРА',523);
INSERT INTO "material" VALUES(100,41,'КОРРЕКТОР',523);
INSERT INTO "material" VALUES(70,42,'МАСЛО',523);
INSERT INTO "material" VALUES(100,43,'ХИМКА ',524);
INSERT INTO "material" VALUES(150,44,'супра',575);
INSERT INTO "material" VALUES(250,45,'термокератин',575);
INSERT INTO "material" VALUES(400,46,'краска',578);
INSERT INTO "material" VALUES(70,47,'масло',578);
INSERT INTO "material" VALUES(250,48,'термокератин',578);
CREATE TABLE expense (id INTEGER PRIMARY KEY, name VARCHAR, amount integer, shift_id INTEGER);
INSERT INTO "expense" VALUES(1,'Семейная',50,1);
INSERT INTO "expense" VALUES(2,'Семейная',50,1);
INSERT INTO "expense" VALUES(3,'семейная ',50,1);
INSERT INTO "expense" VALUES(4,'стрижка за 12/4 оле к з/п',275,1);
INSERT INTO "expense" VALUES(5,'семейная',50,1);
INSERT INTO "expense" VALUES(6,'карта ',4799,1);
INSERT INTO "expense" VALUES(7,'ватные диски',78,2);
INSERT INTO "expense" VALUES(8,'семейная',50,2);
INSERT INTO "expense" VALUES(9,'вода',100,2);
INSERT INTO "expense" VALUES(10,'карта',1550,2);
INSERT INTO "expense" VALUES(11,'семейная',50,3);
INSERT INTO "expense" VALUES(12,'эстель',16736,3);
INSERT INTO "expense" VALUES(13,'семейная',50,3);
INSERT INTO "expense" VALUES(14,'семейная',50,3);
INSERT INTO "expense" VALUES(15,'юля',30000,3);
INSERT INTO "expense" VALUES(16,'семейная',50,3);
INSERT INTO "expense" VALUES(17,'карта за 15,04,2016',5800,4);
INSERT INTO "expense" VALUES(18,'вода',100,4);
INSERT INTO "expense" VALUES(19,'семейная',50,4);
INSERT INTO "expense" VALUES(20,'семейная',50,4);
INSERT INTO "expense" VALUES(21,'семейная',50,4);
INSERT INTO "expense" VALUES(22,'семейная',50,4);
INSERT INTO "expense" VALUES(23,'семейная',50,4);
INSERT INTO "expense" VALUES(24,'семеная',50,4);
INSERT INTO "expense" VALUES(25,'семейная',50,4);
INSERT INTO "expense" VALUES(26,'семейная',50,4);
INSERT INTO "expense" VALUES(27,'инстаграмм забрал',3500,4);
INSERT INTO "expense" VALUES(28,'карта за 16,04,15',1200,4);
INSERT INTO "expense" VALUES(29,'СЕМЕЙНАЯ',50,5);
INSERT INTO "expense" VALUES(30,'СЕМЕЙНАЯ',50,5);
INSERT INTO "expense" VALUES(31,'СЕМЕЙНАЯ',50,5);
INSERT INTO "expense" VALUES(32,'СЕМЕЙНАЯ ',50,5);
INSERT INTO "expense" VALUES(33,'СЕМЕЙНАЯ',50,5);
INSERT INTO "expense" VALUES(34,'БРАТ ЮЛИ 19:22',150,5);
INSERT INTO "expense" VALUES(35,'КАРТА',12550,5);
INSERT INTO "expense" VALUES(36,'вода',100,6);
CREATE TABLE haircut (note VARCHAR, time TIMESTAMP, price NUMERIC, shift_id INTEGER, master_id INTEGER, id INTEGER PRIMARY KEY, "card_id" INTEGER, "bonus_id" INTEGER);
INSERT INTO "haircut" VALUES(NULL,1460537698,150,1,1,1,NULL,NULL);
INSERT INTO "haircut" VALUES(NULL,1460537704,300,1,1,2,NULL,NULL);
INSERT INTO "haircut" VALUES(NULL,1460537707,350,1,1,3,NULL,NULL);
INSERT INTO "haircut" VALUES(NULL,1460537712,300,1,1,4,NULL,NULL);
INSERT INTO "haircut" VALUES(NULL,1460537717,400,1,1,5,NULL,NULL);
INSERT INTO "haircut" VALUES(NULL,1460537727,350,1,1,6,NULL,NULL);
INSERT INTO "haircut" VALUES(NULL,1460537730,350,1,1,7,NULL,NULL);
INSERT INTO "haircut" VALUES(NULL,1460537734,250,1,1,8,NULL,NULL);
INSERT INTO "haircut" VALUES(NULL,1460537737,250,1,1,9,NULL,NULL);
INSERT INTO "haircut" VALUES(NULL,1460537741,350,1,1,10,NULL,NULL);
INSERT INTO "haircut" VALUES(NULL,1460537744,250,1,1,11,NULL,NULL);
INSERT INTO "haircut" VALUES(NULL,1460537748,350,1,1,12,NULL,NULL);
INSERT INTO "haircut" VALUES(NULL,1460537751,300,1,1,13,NULL,NULL);
INSERT INTO "haircut" VALUES(NULL,1460537753,600,1,1,14,NULL,NULL);
INSERT INTO "haircut" VALUES(NULL,1460537756,300,1,1,15,NULL,NULL);
INSERT INTO "haircut" VALUES(NULL,1460537770,300,1,2,16,NULL,NULL);
INSERT INTO "haircut" VALUES('',1460537774,1850,1,2,17,NULL,NULL);
INSERT INTO "haircut" VALUES('',1460537795,400,1,2,18,NULL,NULL);
INSERT INTO "haircut" VALUES('',1460537798,2250,1,2,19,NULL,NULL);
INSERT INTO "haircut" VALUES('',1460537801,350,1,2,20,NULL,NULL);
INSERT INTO "haircut" VALUES(NULL,1460537880,250,1,3,21,NULL,NULL);
INSERT INTO "haircut" VALUES(NULL,1460537886,300,1,3,22,NULL,NULL);
INSERT INTO "haircut" VALUES(NULL,1460537888,200,1,3,23,NULL,NULL);
INSERT INTO "haircut" VALUES(NULL,1460537891,200,1,3,24,NULL,NULL);
INSERT INTO "haircut" VALUES(NULL,1460537894,350,1,3,25,NULL,NULL);
INSERT INTO "haircut" VALUES(NULL,1460537896,300,1,3,26,NULL,NULL);
INSERT INTO "haircut" VALUES(NULL,1460537899,300,1,3,27,NULL,NULL);
INSERT INTO "haircut" VALUES(NULL,1460537901,300,1,3,28,NULL,NULL);
INSERT INTO "haircut" VALUES(NULL,1460537903,300,1,3,29,NULL,NULL);
INSERT INTO "haircut" VALUES(NULL,1460537906,300,1,3,30,NULL,NULL);
INSERT INTO "haircut" VALUES(NULL,1460537909,300,1,3,31,NULL,NULL);
INSERT INTO "haircut" VALUES(NULL,1460537912,300,1,3,32,NULL,NULL);
INSERT INTO "haircut" VALUES(NULL,1460537919,300,1,3,33,NULL,NULL);
INSERT INTO "haircut" VALUES(NULL,1460537922,300,1,3,34,NULL,NULL);
INSERT INTO "haircut" VALUES('',1460537925,700,1,3,35,NULL,NULL);
INSERT INTO "haircut" VALUES(NULL,1460537927,350,1,3,36,NULL,NULL);
INSERT INTO "haircut" VALUES(NULL,1460537948,300,1,3,37,NULL,NULL);
INSERT INTO "haircut" VALUES(NULL,1460537951,300,1,3,38,NULL,NULL);
INSERT INTO "haircut" VALUES(NULL,1460537955,300,1,3,39,NULL,NULL);
INSERT INTO "haircut" VALUES(NULL,1460537961,250,1,4,40,NULL,NULL);
INSERT INTO "haircut" VALUES(NULL,1460537969,300,1,4,41,NULL,NULL);
INSERT INTO "haircut" VALUES(NULL,1460537971,250,1,4,42,NULL,NULL);
INSERT INTO "haircut" VALUES(NULL,1460537975,250,1,4,43,NULL,NULL);
INSERT INTO "haircut" VALUES(NULL,1460537977,450,1,4,44,NULL,NULL);
INSERT INTO "haircut" VALUES(NULL,1460537980,350,1,4,45,NULL,NULL);
INSERT INTO "haircut" VALUES(NULL,1460537983,300,1,4,46,NULL,NULL);
INSERT INTO "haircut" VALUES(NULL,1460537985,300,1,4,47,NULL,NULL);
INSERT INTO "haircut" VALUES(NULL,1460537988,550,1,4,48,NULL,NULL);
INSERT INTO "haircut" VALUES(NULL,1460537992,300,1,4,49,NULL,NULL);
INSERT INTO "haircut" VALUES(NULL,1460537999,550,1,5,50,NULL,NULL);
INSERT INTO "haircut" VALUES(NULL,1460538003,250,1,5,51,NULL,NULL);
INSERT INTO "haircut" VALUES(NULL,1460538005,450,1,5,52,NULL,NULL);
INSERT INTO "haircut" VALUES(NULL,1460538008,250,1,5,53,NULL,NULL);
INSERT INTO "haircut" VALUES('',1460538011,3800,1,5,54,NULL,NULL);
INSERT INTO "haircut" VALUES(NULL,1460538046,250,1,5,55,NULL,NULL);
INSERT INTO "haircut" VALUES(NULL,1460538049,300,1,5,56,NULL,NULL);
INSERT INTO "haircut" VALUES(NULL,1460538051,350,1,5,57,NULL,NULL);
INSERT INTO "haircut" VALUES(NULL,1460538320,250,1,1,58,NULL,NULL);
INSERT INTO "haircut" VALUES(NULL,1460541140,100,1,5,59,NULL,NULL);
INSERT INTO "haircut" VALUES(NULL,1460541164,300,1,3,60,NULL,NULL);
INSERT INTO "haircut" VALUES(NULL,1460541628,500,1,1,61,NULL,NULL);
INSERT INTO "haircut" VALUES(NULL,1460542274,300,1,3,62,NULL,NULL);
INSERT INTO "haircut" VALUES(NULL,1460542943,300,1,5,63,NULL,NULL);
INSERT INTO "haircut" VALUES(NULL,1460543218,350,1,3,64,NULL,NULL);
INSERT INTO "haircut" VALUES(NULL,1460543259,250,1,1,65,NULL,NULL);
INSERT INTO "haircut" VALUES(NULL,1460544181,100,1,3,66,NULL,NULL);
INSERT INTO "haircut" VALUES(NULL,1460544520,300,1,1,67,NULL,NULL);
INSERT INTO "haircut" VALUES(NULL,1460546479,350,1,3,68,NULL,NULL);
INSERT INTO "haircut" VALUES('',1460546984,350,1,5,69,NULL,NULL);
INSERT INTO "haircut" VALUES(NULL,1460592302,300,2,5,70,NULL,NULL);
INSERT INTO "haircut" VALUES(NULL,1460593163,300,2,7,71,NULL,NULL);
INSERT INTO "haircut" VALUES('модель с мытьем',1460594454,350,2,7,72,NULL,NULL);
INSERT INTO "haircut" VALUES('',1460594572,250,2,6,73,NULL,NULL);
INSERT INTO "haircut" VALUES('модель с мытьем',1460594998,350,2,3,74,NULL,NULL);
INSERT INTO "haircut" VALUES(NULL,1460595551,300,2,6,75,NULL,NULL);
INSERT INTO "haircut" VALUES(NULL,1460595896,400,2,7,76,NULL,NULL);
INSERT INTO "haircut" VALUES('концы подправила',1460596164,250,2,5,77,NULL,NULL);
INSERT INTO "haircut" VALUES(NULL,1460596257,300,2,6,78,NULL,NULL);
INSERT INTO "haircut" VALUES('модель с мытьем',1460596545,350,2,3,79,NULL,NULL);
INSERT INTO "haircut" VALUES(NULL,1460596783,250,2,7,80,NULL,NULL);
INSERT INTO "haircut" VALUES(NULL,1460597335,250,2,3,81,NULL,NULL);
INSERT INTO "haircut" VALUES(NULL,1460597389,300,2,5,82,NULL,NULL);
INSERT INTO "haircut" VALUES(NULL,1460597442,300,2,6,83,NULL,NULL);
INSERT INTO "haircut" VALUES(NULL,1460598330,300,2,7,84,NULL,NULL);
INSERT INTO "haircut" VALUES(NULL,1460599313,250,2,5,85,NULL,NULL);
INSERT INTO "haircut" VALUES(NULL,1460599573,150,2,6,86,NULL,NULL);
INSERT INTO "haircut" VALUES(NULL,1460599724,250,2,3,87,NULL,NULL);
INSERT INTO "haircut" VALUES(NULL,1460600567,150,2,7,88,NULL,NULL);
INSERT INTO "haircut" VALUES(NULL,1460600602,250,2,8,89,NULL,NULL);
INSERT INTO "haircut" VALUES(NULL,1460600734,300,2,9,90,NULL,NULL);
INSERT INTO "haircut" VALUES(NULL,1460601032,250,2,6,91,NULL,NULL);
INSERT INTO "haircut" VALUES('по пенсионному',1460601247,250,2,5,92,NULL,NULL);
INSERT INTO "haircut" VALUES(NULL,1460601306,300,2,3,93,NULL,NULL);
INSERT INTO "haircut" VALUES('подравняли просто концы',1460603116,150,2,8,94,NULL,NULL);
INSERT INTO "haircut" VALUES('по пенсионному',1460603224,350,2,9,95,NULL,NULL);
INSERT INTO "haircut" VALUES(NULL,1460603251,300,2,7,96,NULL,NULL);
INSERT INTO "haircut" VALUES('по пенсионному',1460604580,250,2,5,97,NULL,NULL);
INSERT INTO "haircut" VALUES('по пенсионному',1460605272,250,2,6,98,NULL,NULL);
INSERT INTO "haircut" VALUES(NULL,1460605311,300,2,7,99,NULL,NULL);
INSERT INTO "haircut" VALUES(NULL,1460606398,300,2,7,100,NULL,NULL);
INSERT INTO "haircut" VALUES('детская креатив',1460606840,350,2,3,101,NULL,NULL);
INSERT INTO "haircut" VALUES('по пенсионному',1460607305,250,2,9,102,NULL,NULL);
INSERT INTO "haircut" VALUES(NULL,1460608291,300,2,6,103,NULL,NULL);
INSERT INTO "haircut" VALUES(NULL,1460609215,300,2,5,104,NULL,NULL);
INSERT INTO "haircut" VALUES('спортивная',1460609470,250,2,3,105,NULL,NULL);
INSERT INTO "haircut" VALUES('по бокам ',1460609885,200,2,7,106,NULL,NULL);
INSERT INTO "haircut" VALUES('по бокам',1460610206,200,2,3,107,NULL,NULL);
INSERT INTO "haircut" VALUES('по пенсионному',1460610701,350,2,9,108,NULL,NULL);
INSERT INTO "haircut" VALUES('',1460611581,250,2,6,109,NULL,NULL);
INSERT INTO "haircut" VALUES(NULL,1460612237,300,2,7,110,NULL,NULL);
INSERT INTO "haircut" VALUES('по бокам ',1460613216,200,2,3,111,NULL,NULL);
INSERT INTO "haircut" VALUES('спортивная',1460613405,250,2,5,112,NULL,NULL);
INSERT INTO "haircut" VALUES('модельная с мытьем',1460613776,350,2,9,113,NULL,NULL);
INSERT INTO "haircut" VALUES(NULL,1460615278,350,2,6,114,NULL,NULL);
INSERT INTO "haircut" VALUES(NULL,1460616100,300,2,3,115,NULL,NULL);
INSERT INTO "haircut" VALUES('спортивная детская',1460616108,200,2,7,116,NULL,NULL);
INSERT INTO "haircut" VALUES('челка+ 1 срезом и хвост ',1460616260,300,2,5,117,NULL,NULL);
INSERT INTO "haircut" VALUES(NULL,1460617140,300,2,9,118,NULL,NULL);
INSERT INTO "haircut" VALUES(NULL,1460617418,300,2,6,119,NULL,NULL);
INSERT INTO "haircut" VALUES('по пенсионному',1460618692,250,2,7,120,NULL,NULL);
INSERT INTO "haircut" VALUES('по пенсионному',1460619352,250,2,8,121,NULL,NULL);
INSERT INTO "haircut" VALUES(NULL,1460620419,550,2,5,122,NULL,NULL);
INSERT INTO "haircut" VALUES(NULL,1460620707,550,2,9,123,NULL,NULL);
INSERT INTO "haircut" VALUES('полировка+1 срезом ',1460623067,950,2,8,124,NULL,NULL);
INSERT INTO "haircut" VALUES(NULL,1460623586,300,2,3,125,NULL,NULL);
INSERT INTO "haircut" VALUES(NULL,1460623773,350,2,6,126,NULL,NULL);
INSERT INTO "haircut" VALUES(NULL,1460624230,300,2,7,127,NULL,NULL);
INSERT INTO "haircut" VALUES(NULL,1460624575,300,2,5,128,NULL,NULL);
INSERT INTO "haircut" VALUES(NULL,1460627925,300,2,9,129,NULL,NULL);
INSERT INTO "haircut" VALUES(NULL,1460627930,250,2,6,130,NULL,NULL);
INSERT INTO "haircut" VALUES(NULL,1460628165,300,2,7,131,NULL,NULL);
INSERT INTO "haircut" VALUES(NULL,1460628728,300,2,9,132,NULL,NULL);
INSERT INTO "haircut" VALUES(NULL,1460629088,300,2,6,133,NULL,NULL);
INSERT INTO "haircut" VALUES(NULL,1460629120,350,2,8,134,NULL,NULL);
INSERT INTO "haircut" VALUES(NULL,1460630129,250,2,7,135,NULL,NULL);
INSERT INTO "haircut" VALUES(NULL,1460630137,350,2,9,136,NULL,NULL);
INSERT INTO "haircut" VALUES(NULL,1460631403,250,2,8,137,NULL,NULL);
INSERT INTO "haircut" VALUES(NULL,1460631869,300,2,9,138,NULL,NULL);
INSERT INTO "haircut" VALUES(NULL,1460632721,300,2,9,139,NULL,NULL);
INSERT INTO "haircut" VALUES(NULL,1460633130,350,2,8,140,NULL,NULL);
INSERT INTO "haircut" VALUES(NULL,1460633567,300,2,9,141,NULL,NULL);
INSERT INTO "haircut" VALUES(NULL,1460634735,450,2,8,142,NULL,NULL);
INSERT INTO "haircut" VALUES(NULL,1460678747,300,3,6,143,NULL,NULL);
INSERT INTO "haircut" VALUES(NULL,1460680914,300,3,3,144,NULL,NULL);
INSERT INTO "haircut" VALUES(NULL,1460682018,300,3,6,145,NULL,NULL);
INSERT INTO "haircut" VALUES(NULL,1460682855,300,3,3,146,NULL,NULL);
INSERT INTO "haircut" VALUES(NULL,1460683252,300,3,6,147,NULL,NULL);
INSERT INTO "haircut" VALUES(NULL,1460683260,250,3,3,148,NULL,NULL);
INSERT INTO "haircut" VALUES(NULL,1460683315,250,3,4,149,NULL,NULL);
INSERT INTO "haircut" VALUES(NULL,1460683962,250,3,6,150,NULL,NULL);
INSERT INTO "haircut" VALUES(NULL,1460684047,300,3,3,151,NULL,NULL);
INSERT INTO "haircut" VALUES(NULL,1460684482,300,3,4,152,NULL,NULL);
INSERT INTO "haircut" VALUES(NULL,1460684509,250,3,3,153,NULL,NULL);
INSERT INTO "haircut" VALUES(NULL,1460685134,450,3,1,154,NULL,NULL);
INSERT INTO "haircut" VALUES('средняя пенсия',1460685523,350,3,6,155,NULL,NULL);
INSERT INTO "haircut" VALUES('стрижка пенсия средние,милир',1460685816,1500,3,1,156,NULL,NULL);
INSERT INTO "haircut" VALUES(NULL,1460686205,250,3,3,157,NULL,NULL);
INSERT INTO "haircut" VALUES(NULL,1460686930,250,3,1,158,NULL,NULL);
INSERT INTO "haircut" VALUES(NULL,1460687154,350,3,8,159,NULL,NULL);
INSERT INTO "haircut" VALUES(NULL,1460687274,300,3,7,160,NULL,NULL);
INSERT INTO "haircut" VALUES(NULL,1460687756,300,3,3,161,NULL,NULL);
INSERT INTO "haircut" VALUES('длинные',1460687815,550,3,4,162,NULL,NULL);
INSERT INTO "haircut" VALUES('1 насадка',1460688236,150,3,7,163,NULL,NULL);
INSERT INTO "haircut" VALUES(NULL,1460688246,300,3,8,164,NULL,NULL);
INSERT INTO "haircut" VALUES('без насадки',1460688255,100,3,4,165,NULL,NULL);
INSERT INTO "haircut" VALUES('2 мойки',1460688261,400,3,6,166,NULL,NULL);
INSERT INTO "haircut" VALUES(NULL,1460688644,250,3,6,167,NULL,NULL);
INSERT INTO "haircut" VALUES(NULL,1460688671,350,3,1,168,NULL,NULL);
INSERT INTO "haircut" VALUES('без насадки +мойка',1460688734,150,3,4,169,NULL,NULL);
INSERT INTO "haircut" VALUES(NULL,1460688742,300,3,3,170,NULL,NULL);
INSERT INTO "haircut" VALUES(NULL,1460689354,300,3,7,171,NULL,NULL);
INSERT INTO "haircut" VALUES(NULL,1460689373,300,3,1,172,NULL,NULL);
INSERT INTO "haircut" VALUES(NULL,1460689454,250,3,8,173,NULL,NULL);
INSERT INTO "haircut" VALUES(NULL,1460690003,250,3,3,174,NULL,NULL);
INSERT INTO "haircut" VALUES(NULL,1460690111,300,3,7,175,NULL,NULL);
INSERT INTO "haircut" VALUES('длинные+мойка',1460690450,600,3,6,176,NULL,NULL);
INSERT INTO "haircut" VALUES(NULL,1460691458,300,3,1,177,NULL,NULL);
INSERT INTO "haircut" VALUES(NULL,1460691743,550,3,4,178,NULL,NULL);
INSERT INTO "haircut" VALUES(NULL,1460692007,400,3,7,179,NULL,NULL);
INSERT INTO "haircut" VALUES(NULL,1460692013,300,3,3,180,NULL,NULL);
INSERT INTO "haircut" VALUES(NULL,1460692575,300,3,3,181,NULL,NULL);
INSERT INTO "haircut" VALUES(NULL,1460692614,350,3,1,182,NULL,NULL);
INSERT INTO "haircut" VALUES(NULL,1460692913,300,3,7,183,NULL,NULL);
INSERT INTO "haircut" VALUES(NULL,1460692918,300,3,4,184,NULL,NULL);
INSERT INTO "haircut" VALUES(NULL,1460693449,300,3,3,185,NULL,NULL);
INSERT INTO "haircut" VALUES('спортивная до 14 лет',1460693639,200,3,6,186,NULL,NULL);
INSERT INTO "haircut" VALUES(NULL,1460693875,250,3,4,187,NULL,NULL);
INSERT INTO "haircut" VALUES(NULL,1460693940,250,3,1,188,NULL,NULL);
INSERT INTO "haircut" VALUES(NULL,1460694424,300,3,8,189,NULL,NULL);
INSERT INTO "haircut" VALUES('без насадки',1460694518,100,3,1,190,NULL,NULL);
INSERT INTO "haircut" VALUES(NULL,1460694751,300,3,3,191,NULL,NULL);
INSERT INTO "haircut" VALUES('бровья окраш',1460695121,200,3,6,192,NULL,NULL);
INSERT INTO "haircut" VALUES('средние пенсия',1460695223,350,3,4,193,NULL,NULL);
INSERT INTO "haircut" VALUES(NULL,1460695458,300,3,3,194,NULL,NULL);
INSERT INTO "haircut" VALUES(NULL,1460695950,300,3,1,195,NULL,NULL);
INSERT INTO "haircut" VALUES('окраш длин,челка',1460696002,1900,3,6,196,NULL,NULL);
INSERT INTO "haircut" VALUES(NULL,1460696213,350,3,3,197,NULL,NULL);
INSERT INTO "haircut" VALUES('',1460696271,1500,3,8,198,NULL,NULL);
INSERT INTO "haircut" VALUES(NULL,1460696927,300,3,3,199,NULL,NULL);
INSERT INTO "haircut" VALUES(NULL,1460697176,450,3,1,200,NULL,NULL);
INSERT INTO "haircut" VALUES(NULL,1460697267,250,3,6,201,NULL,NULL);
INSERT INTO "haircut" VALUES(NULL,1460697373,250,3,8,202,NULL,NULL);
INSERT INTO "haircut" VALUES(NULL,1460697441,250,3,4,203,NULL,NULL);
INSERT INTO "haircut" VALUES(NULL,1460697895,250,3,7,204,NULL,NULL);
INSERT INTO "haircut" VALUES(NULL,1460698109,350,3,3,205,NULL,NULL);
INSERT INTO "haircut" VALUES(NULL,1460698866,450,3,1,206,NULL,NULL);
INSERT INTO "haircut" VALUES(NULL,1460699493,250,3,8,207,NULL,NULL);
INSERT INTO "haircut" VALUES('челка',1460699670,100,3,4,208,NULL,NULL);
INSERT INTO "haircut" VALUES(NULL,1460701106,350,3,7,209,NULL,NULL);
INSERT INTO "haircut" VALUES(NULL,1460701599,300,3,3,210,NULL,NULL);
INSERT INTO "haircut" VALUES('длинные',1460701771,550,3,8,211,NULL,NULL);
INSERT INTO "haircut" VALUES(NULL,1460702011,250,3,4,212,NULL,NULL);
INSERT INTO "haircut" VALUES(NULL,1460703301,100,3,4,213,NULL,NULL);
INSERT INTO "haircut" VALUES('стрижка+химка',1460703395,1250,3,6,214,NULL,NULL);
INSERT INTO "haircut" VALUES(NULL,1460704038,300,3,7,215,NULL,NULL);
INSERT INTO "haircut" VALUES('стрижка окрашивание длинные',1460705235,2250,3,1,216,NULL,NULL);
INSERT INTO "haircut" VALUES('креатив дет',1460705649,350,3,3,217,NULL,NULL);
INSERT INTO "haircut" VALUES('',1460705672,1150,3,1,218,NULL,NULL);
INSERT INTO "haircut" VALUES(NULL,1460705764,300,3,4,219,NULL,NULL);
INSERT INTO "haircut" VALUES('пенсия',1460705894,350,3,8,220,NULL,NULL);
INSERT INTO "haircut" VALUES(NULL,1460706870,300,3,3,221,NULL,NULL);
INSERT INTO "haircut" VALUES(NULL,1460706928,250,3,6,222,NULL,NULL);
INSERT INTO "haircut" VALUES('',1460707202,200,3,7,223,NULL,NULL);
INSERT INTO "haircut" VALUES(NULL,1460707310,350,3,4,224,NULL,NULL);
INSERT INTO "haircut" VALUES(NULL,1460707582,300,3,3,225,NULL,NULL);
INSERT INTO "haircut" VALUES(NULL,1460708755,300,3,3,226,NULL,NULL);
INSERT INTO "haircut" VALUES(NULL,1460709284,300,3,6,227,NULL,NULL);
INSERT INTO "haircut" VALUES(NULL,1460709393,300,3,7,228,NULL,NULL);
INSERT INTO "haircut" VALUES(NULL,1460711422,250,3,4,229,NULL,NULL);
INSERT INTO "haircut" VALUES('',1460711429,300,3,3,230,NULL,NULL);
INSERT INTO "haircut" VALUES(NULL,1460712743,500,3,6,231,NULL,NULL);
INSERT INTO "haircut" VALUES(NULL,1460713080,300,3,3,232,NULL,NULL);
INSERT INTO "haircut" VALUES(NULL,1460713433,250,3,7,233,NULL,NULL);
INSERT INTO "haircut" VALUES('мил',1460713658,1150,3,1,234,NULL,NULL);
INSERT INTO "haircut" VALUES(NULL,1460713706,300,3,6,235,NULL,NULL);
INSERT INTO "haircut" VALUES(NULL,1460713742,300,3,4,236,NULL,NULL);
INSERT INTO "haircut" VALUES(NULL,1460713892,300,3,3,237,NULL,NULL);
INSERT INTO "haircut" VALUES(NULL,1460714412,300,3,6,238,NULL,NULL);
INSERT INTO "haircut" VALUES('челка',1460714430,100,3,1,239,NULL,NULL);
INSERT INTO "haircut" VALUES(NULL,1460714975,350,3,3,240,NULL,NULL);
INSERT INTO "haircut" VALUES(NULL,1460715058,250,3,7,241,NULL,NULL);
INSERT INTO "haircut" VALUES(NULL,1460716006,300,3,1,242,NULL,NULL);
INSERT INTO "haircut" VALUES(NULL,1460716319,300,3,7,243,NULL,NULL);
INSERT INTO "haircut" VALUES('полировка длинные',1460717015,800,3,4,244,NULL,NULL);
INSERT INTO "haircut" VALUES('длинные',1460717446,700,3,6,245,NULL,NULL);
INSERT INTO "haircut" VALUES(NULL,1460718459,300,3,3,246,NULL,NULL);
INSERT INTO "haircut" VALUES(NULL,1460718944,350,3,7,247,NULL,NULL);
INSERT INTO "haircut" VALUES(NULL,1460720080,300,3,7,248,NULL,NULL);
INSERT INTO "haircut" VALUES(NULL,1460720291,300,3,6,249,NULL,NULL);
INSERT INTO "haircut" VALUES(NULL,1460720335,300,3,4,250,NULL,NULL);
INSERT INTO "haircut" VALUES(NULL,1460721651,400,3,7,251,NULL,NULL);
INSERT INTO "haircut" VALUES(NULL,1460722765,300,3,7,252,NULL,NULL);
INSERT INTO "haircut" VALUES(NULL,1460765202,250,4,7,253,NULL,NULL);
INSERT INTO "haircut" VALUES(NULL,1460765803,250,4,1,254,NULL,NULL);
INSERT INTO "haircut" VALUES(NULL,1460766485,250,4,7,255,NULL,NULL);
INSERT INTO "haircut" VALUES(NULL,1460766962,250,4,1,256,NULL,NULL);
INSERT INTO "haircut" VALUES(NULL,1460767340,250,4,7,257,NULL,NULL);
INSERT INTO "haircut" VALUES(NULL,1460767792,300,4,1,258,NULL,NULL);
INSERT INTO "haircut" VALUES(NULL,1460768203,100,4,7,259,NULL,NULL);
INSERT INTO "haircut" VALUES(NULL,1460769901,300,4,1,260,NULL,NULL);
INSERT INTO "haircut" VALUES(NULL,1460769916,300,4,4,261,NULL,NULL);
INSERT INTO "haircut" VALUES(NULL,1460770282,250,4,7,262,NULL,NULL);
INSERT INTO "haircut" VALUES(NULL,1460770621,300,4,9,263,NULL,NULL);
INSERT INTO "haircut" VALUES('локоны,концы,бровья',1460770696,1950,4,5,264,NULL,NULL);
INSERT INTO "haircut" VALUES(NULL,1460771850,350,4,7,265,NULL,NULL);
INSERT INTO "haircut" VALUES(NULL,1460771921,250,4,3,266,NULL,NULL);
INSERT INTO "haircut" VALUES(NULL,1460772632,300,4,9,267,NULL,NULL);
INSERT INTO "haircut" VALUES(NULL,1460772679,300,4,4,268,NULL,NULL);
INSERT INTO "haircut" VALUES(NULL,1460772777,300,4,3,269,NULL,NULL);
INSERT INTO "haircut" VALUES('длинные и мойка',1460772947,600,4,1,270,NULL,NULL);
INSERT INTO "haircut" VALUES(NULL,1460773506,250,4,7,271,NULL,NULL);
INSERT INTO "haircut" VALUES(NULL,1460773837,300,4,4,272,NULL,NULL);
INSERT INTO "haircut" VALUES(NULL,1460774039,200,4,3,273,NULL,NULL);
INSERT INTO "haircut" VALUES(NULL,1460774374,350,4,9,274,NULL,NULL);
INSERT INTO "haircut" VALUES(NULL,1460774534,300,4,7,275,NULL,NULL);
INSERT INTO "haircut" VALUES('',1460774692,1200,4,5,276,NULL,NULL);
INSERT INTO "haircut" VALUES('дет спорт',1460775003,200,4,3,277,NULL,NULL);
INSERT INTO "haircut" VALUES(NULL,1460775492,250,4,3,278,NULL,NULL);
INSERT INTO "haircut" VALUES(NULL,1460775566,250,4,7,279,NULL,NULL);
INSERT INTO "haircut" VALUES('пенсия короткие',1460775872,250,4,4,280,NULL,NULL);
INSERT INTO "haircut" VALUES(NULL,1460775966,300,4,3,281,NULL,NULL);
INSERT INTO "haircut" VALUES('челка',1460776106,100,4,5,282,NULL,NULL);
INSERT INTO "haircut" VALUES(NULL,1460776426,450,4,9,283,NULL,NULL);
INSERT INTO "haircut" VALUES(NULL,1460776968,350,4,3,284,NULL,NULL);
INSERT INTO "haircut" VALUES(NULL,1460776981,250,4,4,285,NULL,NULL);
INSERT INTO "haircut" VALUES(NULL,1460777151,300,4,7,286,NULL,NULL);
INSERT INTO "haircut" VALUES(NULL,1460777435,250,4,9,287,NULL,NULL);
INSERT INTO "haircut" VALUES(NULL,1460777854,350,4,3,288,NULL,NULL);
INSERT INTO "haircut" VALUES(NULL,1460778256,300,4,9,289,NULL,NULL);
INSERT INTO "haircut" VALUES('пенсия средии',1460778262,350,4,4,290,NULL,NULL);
INSERT INTO "haircut" VALUES(NULL,1460778393,300,4,3,291,NULL,NULL);
INSERT INTO "haircut" VALUES(NULL,1460778715,300,4,7,292,NULL,NULL);
INSERT INTO "haircut" VALUES('миллир+окраш',1460778767,2300,4,1,293,NULL,NULL);
INSERT INTO "haircut" VALUES(NULL,1460778910,300,4,7,294,NULL,NULL);
INSERT INTO "haircut" VALUES(NULL,1460779171,300,4,9,295,NULL,NULL);
INSERT INTO "haircut" VALUES(NULL,1460779176,250,4,3,296,NULL,NULL);
INSERT INTO "haircut" VALUES(NULL,1460779495,350,4,4,297,NULL,NULL);
INSERT INTO "haircut" VALUES('',1460779854,1300,4,5,298,NULL,NULL);
INSERT INTO "haircut" VALUES(NULL,1460779928,300,4,1,299,NULL,NULL);
INSERT INTO "haircut" VALUES(NULL,1460779944,150,4,9,300,NULL,NULL);
INSERT INTO "haircut" VALUES(NULL,1460780427,300,4,3,301,NULL,NULL);
INSERT INTO "haircut" VALUES(NULL,1460780587,250,4,7,302,NULL,NULL);
INSERT INTO "haircut" VALUES(NULL,1460780753,300,4,1,303,NULL,NULL);
INSERT INTO "haircut" VALUES(NULL,1460780931,300,4,3,304,NULL,NULL);
INSERT INTO "haircut" VALUES(NULL,1460780937,350,4,9,305,NULL,NULL);
INSERT INTO "haircut" VALUES('пнсия среднии',1460781057,350,4,4,306,NULL,NULL);
INSERT INTO "haircut" VALUES('челка',1460781196,100,4,1,307,NULL,NULL);
INSERT INTO "haircut" VALUES(NULL,1460781387,300,4,3,308,NULL,NULL);
INSERT INTO "haircut" VALUES(NULL,1460781745,350,4,9,309,NULL,NULL);
INSERT INTO "haircut" VALUES(NULL,1460781754,300,4,7,310,NULL,NULL);
INSERT INTO "haircut" VALUES('пенсия среднии',1460782082,350,4,5,311,NULL,NULL);
INSERT INTO "haircut" VALUES('челка',1460782375,100,4,9,312,NULL,NULL);
INSERT INTO "haircut" VALUES(NULL,1460782391,300,4,7,313,NULL,NULL);
INSERT INTO "haircut" VALUES(NULL,1460782866,500,4,1,314,NULL,NULL);
INSERT INTO "haircut" VALUES(NULL,1460783082,450,4,4,315,NULL,NULL);
INSERT INTO "haircut" VALUES(NULL,1460783685,300,4,3,316,NULL,NULL);
INSERT INTO "haircut" VALUES(NULL,1460784481,300,4,9,317,NULL,NULL);
INSERT INTO "haircut" VALUES('',1460784974,1920,4,5,318,NULL,NULL);
INSERT INTO "haircut" VALUES(NULL,1460785094,300,4,3,319,NULL,NULL);
INSERT INTO "haircut" VALUES(NULL,1460785118,300,4,1,320,NULL,NULL);
INSERT INTO "haircut" VALUES(NULL,1460785183,300,4,7,321,NULL,NULL);
INSERT INTO "haircut" VALUES(NULL,1460786360,350,4,4,322,NULL,NULL);
INSERT INTO "haircut" VALUES(NULL,1460786887,350,4,9,323,NULL,NULL);
INSERT INTO "haircut" VALUES(NULL,1460786972,350,4,3,324,NULL,NULL);
INSERT INTO "haircut" VALUES(NULL,1460787006,250,4,5,325,NULL,NULL);
INSERT INTO "haircut" VALUES(NULL,1460787150,300,4,1,326,NULL,NULL);
INSERT INTO "haircut" VALUES(NULL,1460787333,250,4,9,327,NULL,NULL);
INSERT INTO "haircut" VALUES(NULL,1460787729,400,4,7,328,NULL,NULL);
INSERT INTO "haircut" VALUES(NULL,1460787737,250,4,3,329,NULL,NULL);
INSERT INTO "haircut" VALUES(NULL,1460788138,350,4,4,330,NULL,NULL);
INSERT INTO "haircut" VALUES(NULL,1460789139,300,4,9,331,NULL,NULL);
INSERT INTO "haircut" VALUES(NULL,1460789219,350,4,1,332,NULL,NULL);
INSERT INTO "haircut" VALUES(NULL,1460789412,250,4,4,333,NULL,NULL);
INSERT INTO "haircut" VALUES(NULL,1460789644,300,4,3,334,NULL,NULL);
INSERT INTO "haircut" VALUES(NULL,1460789699,350,4,7,335,NULL,NULL);
INSERT INTO "haircut" VALUES(NULL,1460790015,200,4,9,336,NULL,NULL);
INSERT INTO "haircut" VALUES(NULL,1460790053,100,4,4,337,NULL,NULL);
INSERT INTO "haircut" VALUES('пенсия среднии+мойка',1460790675,400,4,1,338,NULL,NULL);
INSERT INTO "haircut" VALUES('полировка',1460790975,600,4,5,339,NULL,NULL);
INSERT INTO "haircut" VALUES(NULL,1460791270,250,4,3,340,NULL,NULL);
INSERT INTO "haircut" VALUES(NULL,1460791484,300,4,9,341,NULL,NULL);
INSERT INTO "haircut" VALUES('укладка',1460792003,700,4,4,342,NULL,NULL);
INSERT INTO "haircut" VALUES('модельная+мойка+борода',1460792081,450,4,7,343,NULL,NULL);
INSERT INTO "haircut" VALUES(NULL,1460792535,300,4,3,344,NULL,NULL);
INSERT INTO "haircut" VALUES(NULL,1460792834,300,4,4,345,NULL,NULL);
INSERT INTO "haircut" VALUES(NULL,1460793023,450,4,1,346,NULL,NULL);
INSERT INTO "haircut" VALUES('длинные',1460793210,550,4,5,347,NULL,NULL);
INSERT INTO "haircut" VALUES('длинные',1460793369,550,4,9,348,NULL,NULL);
INSERT INTO "haircut" VALUES(NULL,1460793712,300,4,7,349,NULL,NULL);
INSERT INTO "haircut" VALUES(NULL,1460794056,350,4,1,350,NULL,NULL);
INSERT INTO "haircut" VALUES(NULL,1460794572,250,4,5,351,NULL,NULL);
INSERT INTO "haircut" VALUES('длинные',1460794664,550,4,9,352,NULL,NULL);
INSERT INTO "haircut" VALUES('средние+мойка',1460795570,500,4,1,353,NULL,NULL);
INSERT INTO "haircut" VALUES(NULL,1460795680,350,4,3,354,NULL,NULL);
INSERT INTO "haircut" VALUES(NULL,1460795735,250,4,7,355,NULL,NULL);
INSERT INTO "haircut" VALUES('среднии',1460796189,450,4,9,356,NULL,NULL);
INSERT INTO "haircut" VALUES(NULL,1460796356,350,4,3,357,NULL,NULL);
INSERT INTO "haircut" VALUES(NULL,1460796477,300,4,1,358,NULL,NULL);
INSERT INTO "haircut" VALUES(NULL,1460798079,350,4,9,359,NULL,NULL);
INSERT INTO "haircut" VALUES(NULL,1460798084,300,4,7,360,NULL,NULL);
INSERT INTO "haircut" VALUES(NULL,1460798346,300,4,3,361,NULL,NULL);
INSERT INTO "haircut" VALUES('химка',1460798795,1000,4,4,362,NULL,NULL);
INSERT INTO "haircut" VALUES(NULL,1460799235,300,4,7,363,NULL,NULL);
INSERT INTO "haircut" VALUES(NULL,1460799582,350,4,3,364,NULL,NULL);
INSERT INTO "haircut" VALUES(NULL,1460799796,350,4,1,365,NULL,NULL);
INSERT INTO "haircut" VALUES(NULL,1460800394,250,4,4,366,NULL,NULL);
INSERT INTO "haircut" VALUES('',1460800831,3100,4,5,367,NULL,NULL);
INSERT INTO "haircut" VALUES(NULL,1460802074,500,4,1,368,NULL,NULL);
INSERT INTO "haircut" VALUES(NULL,1460802854,300,4,3,369,NULL,NULL);
INSERT INTO "haircut" VALUES(NULL,1460802937,300,4,3,370,NULL,NULL);
INSERT INTO "haircut" VALUES(NULL,1460803557,300,4,7,371,NULL,NULL);
INSERT INTO "haircut" VALUES(NULL,1460805047,350,4,3,372,NULL,NULL);
INSERT INTO "haircut" VALUES(NULL,1460807660,300,4,3,373,NULL,NULL);
INSERT INTO "haircut" VALUES('',1460808459,2000,4,4,374,NULL,NULL);
INSERT INTO "haircut" VALUES('ПО ПЕНСИОННОМУ',1460852264,250,5,1,375,NULL,NULL);
INSERT INTO "haircut" VALUES('СПОРТИВНАЯ',1460852901,250,5,1,376,NULL,NULL);
INSERT INTO "haircut" VALUES('КРЕАТИВНАЯ ДЕТСКАЯ',1460852975,350,5,3,377,NULL,NULL);
INSERT INTO "haircut" VALUES('СПОРТИВНАЯ',1460853702,250,5,1,378,NULL,NULL);
INSERT INTO "haircut" VALUES(NULL,1460854279,300,5,5,379,NULL,NULL);
INSERT INTO "haircut" VALUES('ПО ПЕНСИОННОМУ',1460854937,250,5,1,380,NULL,NULL);
INSERT INTO "haircut" VALUES(NULL,1460855218,250,5,3,381,NULL,NULL);
INSERT INTO "haircut" VALUES('КОРОТКАЯ ЖЕНСКАЯ',1460857282,350,5,1,382,NULL,NULL);
INSERT INTO "haircut" VALUES(NULL,1460857294,300,5,5,383,NULL,NULL);
INSERT INTO "haircut" VALUES('1 НАСАДКА',1460858365,150,5,1,384,NULL,NULL);
INSERT INTO "haircut" VALUES('КРЕАТИВНАЯ',1460858621,400,5,3,385,NULL,NULL);
INSERT INTO "haircut" VALUES(NULL,1460859199,300,5,3,386,NULL,NULL);
INSERT INTO "haircut" VALUES(NULL,1460859203,300,5,7,387,NULL,NULL);
INSERT INTO "haircut" VALUES(NULL,1460859212,300,5,9,388,NULL,NULL);
INSERT INTO "haircut" VALUES(NULL,1460859764,300,5,3,389,NULL,NULL);
INSERT INTO "haircut" VALUES('ПО ПЕНСИОННОМУ',1460860101,250,5,1,390,NULL,NULL);
INSERT INTO "haircut" VALUES('ПО ПЕНСИОННОМУ',1460860116,250,5,5,391,NULL,NULL);
INSERT INTO "haircut" VALUES(NULL,1460860650,300,5,7,392,NULL,NULL);
INSERT INTO "haircut" VALUES('ПО ПЕНСИОННОМУ',1460860665,250,5,3,393,NULL,NULL);
INSERT INTO "haircut" VALUES('ПО ПЕНСИОННОМУ',1460860823,350,5,9,394,NULL,NULL);
INSERT INTO "haircut" VALUES('БЕЗ НАСАДКИ',1460860836,100,5,9,395,NULL,NULL);
INSERT INTO "haircut" VALUES(NULL,1460861145,300,5,1,396,NULL,NULL);
INSERT INTO "haircut" VALUES('ДЕТСКАЯ СПОРТИВНАЯ ',1460861157,200,5,7,397,NULL,NULL);
INSERT INTO "haircut" VALUES('С МЫТЬЕМ',1460861496,350,5,3,398,NULL,NULL);
INSERT INTO "haircut" VALUES('СПОРТИВНАЯ',1460861720,250,5,5,399,NULL,NULL);
INSERT INTO "haircut" VALUES(NULL,1460862470,300,5,9,400,NULL,NULL);
INSERT INTO "haircut" VALUES(NULL,1460862494,300,5,3,401,NULL,NULL);
INSERT INTO "haircut" VALUES(NULL,1460862824,300,5,7,402,NULL,NULL);
INSERT INTO "haircut" VALUES(NULL,1460862857,300,5,1,403,NULL,NULL);
INSERT INTO "haircut" VALUES('ГОРЯЧИЕ НОЖНИЦЫ + 1 СРЕЗОМ + ЧЕЛКА',1460863080,1650,5,8,404,NULL,NULL);
INSERT INTO "haircut" VALUES(NULL,1460863480,300,5,9,405,NULL,NULL);
INSERT INTO "haircut" VALUES(NULL,1460863690,300,5,3,406,NULL,NULL);
INSERT INTO "haircut" VALUES(NULL,1460864056,300,5,7,407,NULL,NULL);
INSERT INTO "haircut" VALUES('ЧЕЛКА',1460864307,100,5,1,408,NULL,NULL);
INSERT INTO "haircut" VALUES(NULL,1460864473,300,5,5,409,NULL,NULL);
INSERT INTO "haircut" VALUES(NULL,1460866241,300,5,1,410,NULL,NULL);
INSERT INTO "haircut" VALUES(NULL,1460866625,350,5,1,411,NULL,NULL);
INSERT INTO "haircut" VALUES(NULL,1460866634,300,5,3,412,NULL,NULL);
INSERT INTO "haircut" VALUES('МОДЕЛЬ 2 РАЗА  МЫТЬЕ',1460866917,400,5,9,413,NULL,NULL);
INSERT INTO "haircut" VALUES(NULL,1460867373,300,5,5,414,NULL,NULL);
INSERT INTO "haircut" VALUES(NULL,1460867418,300,5,3,415,NULL,NULL);
INSERT INTO "haircut" VALUES(NULL,1460867446,300,5,7,416,NULL,NULL);
INSERT INTO "haircut" VALUES('С МЫТЬЕМ ',1460867653,350,5,9,417,NULL,NULL);
INSERT INTO "haircut" VALUES(NULL,1460867682,300,5,8,418,NULL,NULL);
INSERT INTO "haircut" VALUES(NULL,1460868052,300,5,3,419,NULL,NULL);
INSERT INTO "haircut" VALUES(NULL,1460868253,300,5,7,420,NULL,NULL);
INSERT INTO "haircut" VALUES(NULL,1460868473,300,5,9,421,NULL,NULL);
INSERT INTO "haircut" VALUES(NULL,1460868478,350,5,1,422,NULL,NULL);
INSERT INTO "haircut" VALUES(NULL,1460868737,250,5,3,423,NULL,NULL);
INSERT INTO "haircut" VALUES(NULL,1460869191,300,5,9,424,NULL,NULL);
INSERT INTO "haircut" VALUES(NULL,1460869226,300,5,8,425,NULL,NULL);
INSERT INTO "haircut" VALUES(NULL,1460869271,300,5,3,426,NULL,NULL);
INSERT INTO "haircut" VALUES(NULL,1460869388,300,5,7,427,NULL,NULL);
INSERT INTO "haircut" VALUES(NULL,1460869479,300,5,1,428,NULL,NULL);
INSERT INTO "haircut" VALUES(NULL,1460869877,300,5,9,429,NULL,NULL);
INSERT INTO "haircut" VALUES(NULL,1460870133,300,5,3,430,NULL,NULL);
INSERT INTO "haircut" VALUES(NULL,1460870251,300,5,5,431,NULL,NULL);
INSERT INTO "haircut" VALUES('ПО БОКАМ С МЫТЬЕМ',1460870882,250,5,8,432,NULL,NULL);
INSERT INTO "haircut" VALUES(NULL,1460871277,350,5,9,433,NULL,NULL);
INSERT INTO "haircut" VALUES(NULL,1460871290,300,5,3,434,NULL,NULL);
INSERT INTO "haircut" VALUES(NULL,1460871396,300,5,7,435,NULL,NULL);
INSERT INTO "haircut" VALUES(NULL,1460871530,300,5,1,436,NULL,NULL);
INSERT INTO "haircut" VALUES(NULL,1460871647,300,5,7,437,NULL,NULL);
INSERT INTO "haircut" VALUES(NULL,1460872068,300,5,5,438,NULL,NULL);
INSERT INTO "haircut" VALUES('КРЕАТИВ',1460872315,400,5,9,439,NULL,NULL);
INSERT INTO "haircut" VALUES(NULL,1460872318,250,5,8,440,NULL,NULL);
INSERT INTO "haircut" VALUES(NULL,1460872606,250,5,1,441,NULL,NULL);
INSERT INTO "haircut" VALUES(NULL,1460872654,350,5,1,442,NULL,NULL);
INSERT INTO "haircut" VALUES(NULL,1460873234,300,5,3,443,NULL,NULL);
INSERT INTO "haircut" VALUES(NULL,1460873350,300,5,7,444,NULL,NULL);
INSERT INTO "haircut" VALUES(NULL,1460873651,250,5,8,445,NULL,NULL);
INSERT INTO "haircut" VALUES(NULL,1460874059,300,5,3,446,NULL,NULL);
INSERT INTO "haircut" VALUES(NULL,1460874063,250,5,3,447,NULL,NULL);
INSERT INTO "haircut" VALUES('КРЕАТИВ',1460874236,400,5,9,448,NULL,NULL);
INSERT INTO "haircut" VALUES(NULL,1460874344,300,5,1,449,NULL,NULL);
INSERT INTO "haircut" VALUES(NULL,1460874386,300,5,7,450,NULL,NULL);
INSERT INTO "haircut" VALUES(NULL,1460874724,300,5,3,451,NULL,NULL);
INSERT INTO "haircut" VALUES(NULL,1460875132,300,5,8,452,NULL,NULL);
INSERT INTO "haircut" VALUES(NULL,1460875371,350,5,9,453,NULL,NULL);
INSERT INTO "haircut" VALUES(NULL,1460876408,300,5,1,454,NULL,NULL);
INSERT INTO "haircut" VALUES(NULL,1460876413,300,5,3,455,NULL,NULL);
INSERT INTO "haircut" VALUES(NULL,1460876425,350,5,7,456,NULL,NULL);
INSERT INTO "haircut" VALUES(NULL,1460876822,300,5,9,457,NULL,NULL);
INSERT INTO "haircut" VALUES(NULL,1460877126,300,5,1,458,NULL,NULL);
INSERT INTO "haircut" VALUES(NULL,1460877347,300,5,3,459,NULL,NULL);
INSERT INTO "haircut" VALUES(NULL,1460877482,300,5,9,460,NULL,NULL);
INSERT INTO "haircut" VALUES(NULL,1460877564,300,5,7,461,NULL,NULL);
INSERT INTO "haircut" VALUES('ПО ПЕНСИОННОМУ С МЫТЬЕМ',1460878022,300,5,9,462,NULL,NULL);
INSERT INTO "haircut" VALUES(NULL,1460878283,300,5,8,463,NULL,NULL);
INSERT INTO "haircut" VALUES('КРЕАТИВ С МЫТЬЕМ',1460878328,450,5,1,464,NULL,NULL);
INSERT INTO "haircut" VALUES(NULL,1460878669,350,5,3,465,NULL,NULL);
INSERT INTO "haircut" VALUES('СРЕДНИЕ ПО ПЕНСИОННОМУ',1460879917,350,5,1,466,NULL,NULL);
INSERT INTO "haircut" VALUES(NULL,1460879929,300,5,7,467,NULL,NULL);
INSERT INTO "haircut" VALUES(NULL,1460879934,450,5,8,468,NULL,NULL);
INSERT INTO "haircut" VALUES(NULL,1460880118,300,5,3,469,NULL,NULL);
INSERT INTO "haircut" VALUES('МЕЛИРОВАНИЕ+ОКРАШИВАНИЕ+1 СРЕЗОМ',1460881250,3500,5,5,470,NULL,NULL);
INSERT INTO "haircut" VALUES(NULL,1460881436,550,5,9,471,NULL,NULL);
INSERT INTO "haircut" VALUES(NULL,1460882090,350,5,9,472,NULL,NULL);
INSERT INTO "haircut" VALUES('СТРИЖКА + УКЛАДКА',1460882103,700,5,1,473,NULL,NULL);
INSERT INTO "haircut" VALUES(NULL,1460882126,300,5,3,474,NULL,NULL);
INSERT INTO "haircut" VALUES(NULL,1460882130,300,5,3,475,NULL,NULL);
INSERT INTO "haircut" VALUES(NULL,1460882328,250,5,3,476,NULL,NULL);
INSERT INTO "haircut" VALUES('ДЕТСКАЯ СПОРТИВНАЯ',1460882626,200,5,9,477,NULL,NULL);
INSERT INTO "haircut" VALUES(NULL,1460882848,350,5,7,478,NULL,NULL);
INSERT INTO "haircut" VALUES(NULL,1460882958,300,5,7,479,NULL,NULL);
INSERT INTO "haircut" VALUES(NULL,1460882963,300,5,3,480,NULL,NULL);
INSERT INTO "haircut" VALUES(NULL,1460883144,250,5,1,481,NULL,NULL);
INSERT INTO "haircut" VALUES(NULL,1460883337,300,5,9,482,NULL,NULL);
INSERT INTO "haircut" VALUES('ПО ПЕНСИОННОМУ',1460883721,250,5,8,483,NULL,NULL);
INSERT INTO "haircut" VALUES('МЕЛИРОВАНИЕ КОРНЕЙ + СТРИЖКА ',1460883914,1500,5,5,484,NULL,NULL);
INSERT INTO "haircut" VALUES(NULL,1460884721,450,5,9,485,NULL,NULL);
INSERT INTO "haircut" VALUES(NULL,1460884854,300,5,7,486,NULL,NULL);
INSERT INTO "haircut" VALUES(NULL,1460884978,300,5,3,487,NULL,NULL);
INSERT INTO "haircut" VALUES(NULL,1460885219,150,5,5,488,NULL,NULL);
INSERT INTO "haircut" VALUES('СТРИЖКА+УКЛАДКА',1460885532,700,5,1,489,NULL,NULL);
INSERT INTO "haircut" VALUES(NULL,1460885739,300,5,3,490,NULL,NULL);
INSERT INTO "haircut" VALUES(NULL,1460886042,300,5,7,491,NULL,NULL);
INSERT INTO "haircut" VALUES(NULL,1460886850,300,5,3,492,NULL,NULL);
INSERT INTO "haircut" VALUES('КРЕАТИВНАЯ ДЕТСКАЯ + РИСУНОК',1460886867,400,5,9,493,NULL,NULL);
INSERT INTO "haircut" VALUES(NULL,1460886872,250,5,9,494,NULL,NULL);
INSERT INTO "haircut" VALUES(NULL,1460887385,550,5,1,495,NULL,NULL);
INSERT INTO "haircut" VALUES(NULL,1460887470,350,5,3,496,NULL,NULL);
INSERT INTO "haircut" VALUES(NULL,1460887572,200,5,7,497,NULL,NULL);
INSERT INTO "haircut" VALUES(NULL,1460887907,250,5,1,498,NULL,NULL);
INSERT INTO "haircut" VALUES(NULL,1460888430,300,5,3,499,NULL,NULL);
INSERT INTO "haircut" VALUES(NULL,1460888437,300,5,9,500,NULL,NULL);
INSERT INTO "haircut" VALUES(NULL,1460890862,350,5,3,501,NULL,NULL);
INSERT INTO "haircut" VALUES(NULL,1460891256,400,5,7,502,NULL,NULL);
INSERT INTO "haircut" VALUES('МОДЕЛЬНАЯ С МЫТЬЕМ+ РИСУНОК',1460891489,450,5,9,503,NULL,NULL);
INSERT INTO "haircut" VALUES(NULL,1460892110,350,5,3,504,NULL,NULL);
INSERT INTO "haircut" VALUES(NULL,1460892593,300,5,7,505,NULL,NULL);
INSERT INTO "haircut" VALUES('СМЫВКА+ОКРАШИВАНИЕ+СТРИЖКА НА ДЛИННЫЕ',1460894801,4100,5,8,506,NULL,NULL);
INSERT INTO "haircut" VALUES(NULL,1460894869,350,5,9,507,NULL,NULL);
INSERT INTO "haircut" VALUES(NULL,1460938065,150,6,7,508,NULL,NULL);
INSERT INTO "haircut" VALUES(NULL,1460939554,300,6,7,509,NULL,NULL);
INSERT INTO "haircut" VALUES(NULL,1460940328,250,6,7,510,NULL,NULL);
INSERT INTO "haircut" VALUES(NULL,1460941720,250,6,7,511,NULL,NULL);
INSERT INTO "haircut" VALUES('ОКРАШИВАНИЕ+ СТРИЖКА НА КОРОТКИЕ (ПО ПЕНСИОННОМУ)',1460941922,1250,6,5,512,NULL,NULL);
INSERT INTO "haircut" VALUES('БОРОДА',1460942475,100,6,7,513,NULL,NULL);
INSERT INTO "haircut" VALUES(NULL,1460943975,250,6,9,514,NULL,NULL);
INSERT INTO "haircut" VALUES(NULL,1460944868,100,6,3,515,NULL,NULL);
INSERT INTO "haircut" VALUES(NULL,1460944980,300,6,7,516,NULL,NULL);
INSERT INTO "haircut" VALUES(NULL,1460945621,150,6,9,517,NULL,NULL);
INSERT INTO "haircut" VALUES(NULL,1460946804,350,6,3,518,NULL,NULL);
INSERT INTO "haircut" VALUES('ПО БОКАМ',1460947326,200,6,7,519,NULL,NULL);
INSERT INTO "haircut" VALUES('ОКРАШИВАНИЕ+ СТРИЖКА+ ТЕРМОКЕРАТИН НА СРЕДНИЕ',1460948270,2500,6,5,520,NULL,NULL);
INSERT INTO "haircut" VALUES(NULL,1460948418,250,6,3,521,NULL,NULL);
INSERT INTO "haircut" VALUES(NULL,1460948552,250,6,7,522,NULL,NULL);
INSERT INTO "haircut" VALUES('СМЫВКА+ОКРАШИВАНИЕ+СТРИЖКА на длинные',1460949729,4770,6,6,523,NULL,NULL);
INSERT INTO "haircut" VALUES('ХИМКА+СТРИЖКА НА КОРОТКИЕ (ПО ПЕНСИОННОМУ)',1460949938,1250,6,8,524,NULL,NULL);
INSERT INTO "haircut" VALUES(NULL,1460950445,450,6,9,525,NULL,NULL);
INSERT INTO "haircut" VALUES('СПОРТИВНАЯ',1460950640,250,6,3,526,NULL,NULL);
INSERT INTO "haircut" VALUES(NULL,1460950715,300,6,5,527,NULL,NULL);
INSERT INTO "haircut" VALUES(NULL,1460952034,300,6,7,528,NULL,NULL);
INSERT INTO "haircut" VALUES('ПО ПЕНСИОННОМУ',1460952414,350,6,8,529,NULL,NULL);
INSERT INTO "haircut" VALUES(NULL,1460952837,300,6,6,530,NULL,NULL);
INSERT INTO "haircut" VALUES(NULL,1460952842,300,6,9,531,NULL,NULL);
INSERT INTO "haircut" VALUES(NULL,1460953660,250,6,3,532,NULL,NULL);
INSERT INTO "haircut" VALUES(NULL,1460954496,250,6,5,533,NULL,NULL);
INSERT INTO "haircut" VALUES(NULL,1460954774,300,6,7,534,NULL,NULL);
INSERT INTO "haircut" VALUES(NULL,1460954783,250,6,8,535,NULL,NULL);
INSERT INTO "haircut" VALUES(NULL,1460956720,350,6,3,536,NULL,NULL);
INSERT INTO "haircut" VALUES(NULL,1460958078,300,6,6,537,NULL,NULL);
INSERT INTO "haircut" VALUES(NULL,1460959236,300,6,5,538,NULL,NULL);
INSERT INTO "haircut" VALUES(NULL,1460959319,250,6,3,539,NULL,NULL);
INSERT INTO "haircut" VALUES(NULL,1460959494,300,6,8,540,NULL,NULL);
INSERT INTO "haircut" VALUES(NULL,1460959917,300,6,6,541,NULL,NULL);
INSERT INTO "haircut" VALUES(NULL,1460960015,300,6,7,542,NULL,NULL);
INSERT INTO "haircut" VALUES(NULL,1460960177,350,6,3,543,NULL,NULL);
INSERT INTO "haircut" VALUES(NULL,1460960284,250,6,5,544,NULL,NULL);
INSERT INTO "haircut" VALUES(NULL,1460960993,250,6,6,545,NULL,NULL);
INSERT INTO "haircut" VALUES('УКЛАДКА НА СРЕДНИЕ С НАЧЕСОМ',1460963038,650,6,6,546,NULL,NULL);
INSERT INTO "haircut" VALUES(NULL,1460966278,300,6,7,547,NULL,NULL);
INSERT INTO "haircut" VALUES('ПОЛИРОВКА ВОЛОС + ЧЕЛКА',1460966286,900,6,5,548,NULL,NULL);
INSERT INTO "haircut" VALUES(NULL,1460966313,550,6,6,549,NULL,NULL);
INSERT INTO "haircut" VALUES('ЧЕЛКА',1460966319,100,6,5,550,NULL,NULL);
INSERT INTO "haircut" VALUES(NULL,1460966383,300,6,3,551,NULL,NULL);
INSERT INTO "haircut" VALUES(NULL,1460966761,300,6,3,552,NULL,NULL);
INSERT INTO "haircut" VALUES(NULL,1460967111,300,6,7,553,NULL,NULL);
INSERT INTO "haircut" VALUES(NULL,1460967195,300,6,5,554,NULL,NULL);
INSERT INTO "haircut" VALUES(NULL,1460967262,300,6,3,555,NULL,NULL);
INSERT INTO "haircut" VALUES(NULL,1460967632,100,6,5,556,NULL,NULL);
INSERT INTO "haircut" VALUES(NULL,1460967855,200,6,3,557,NULL,NULL);
INSERT INTO "haircut" VALUES(NULL,1460968244,250,6,6,558,NULL,NULL);
INSERT INTO "haircut" VALUES(NULL,1460968455,300,6,7,559,NULL,NULL);
INSERT INTO "haircut" VALUES('подравнение концов',1460969038,250,6,6,560,NULL,NULL);
INSERT INTO "haircut" VALUES(NULL,1460969082,300,6,3,561,NULL,NULL);
INSERT INTO "haircut" VALUES(NULL,1460969599,350,6,5,562,NULL,NULL);
INSERT INTO "haircut" VALUES(NULL,1460969603,300,6,3,563,NULL,NULL);
INSERT INTO "haircut" VALUES(NULL,1460970080,100,6,5,564,NULL,NULL);
INSERT INTO "haircut" VALUES(NULL,1460970088,250,6,7,565,NULL,NULL);
INSERT INTO "haircut" VALUES(NULL,1460971124,300,6,3,566,NULL,NULL);
INSERT INTO "haircut" VALUES(NULL,1460971413,450,6,6,567,NULL,NULL);
INSERT INTO "haircut" VALUES(NULL,1460971591,300,6,8,568,NULL,NULL);
INSERT INTO "haircut" VALUES(NULL,1460971814,300,6,7,569,NULL,NULL);
INSERT INTO "haircut" VALUES(NULL,1460971823,300,6,6,570,NULL,NULL);
INSERT INTO "haircut" VALUES(NULL,1460972131,300,6,3,571,NULL,NULL);
INSERT INTO "haircut" VALUES(NULL,1460973214,250,6,7,572,NULL,NULL);
INSERT INTO "haircut" VALUES(NULL,1460973356,100,6,6,573,NULL,NULL);
INSERT INTO "haircut" VALUES(NULL,1460973360,300,6,6,574,NULL,NULL);
INSERT INTO "haircut" VALUES('мелирование+ окрашивание(своя)+стрижка(по пенс)+термокератин',1460973377,3150,6,8,575,NULL,NULL);
INSERT INTO "haircut" VALUES(NULL,1460974255,200,6,8,576,NULL,NULL);
INSERT INTO "haircut" VALUES(NULL,1460976570,100,6,6,577,NULL,NULL);
INSERT INTO "haircut" VALUES('окрашивание корней+стрижка(по пенс)+ термокератин',1460977455,2370,6,5,578,NULL,NULL);
INSERT INTO "haircut" VALUES(NULL,1460978375,250,6,3,579,NULL,NULL);
INSERT INTO "haircut" VALUES(NULL,1460979789,300,6,3,580,NULL,NULL);
CREATE TABLE income (id INTEGER PRIMARY KEY, name VARCHAR, amount INTEGER, shift_id INTEGER);
INSERT INTO "income" VALUES(1,'Наташа',55,1);
INSERT INTO "income" VALUES(2,'Пловина Айзат 18:08',200,1);
INSERT INTO "income" VALUES(3,'клава за 7/4',50,1);
INSERT INTO "income" VALUES(4,'излишек',200,1);
INSERT INTO "income" VALUES(5,'фартук эстель мерим',360,3);
INSERT INTO "income" VALUES(6,'айзат половина за окр',600,3);
INSERT INTO "income" VALUES(7,'излишек за 15,04,16',300,4);
INSERT INTO "income" VALUES(8,'излишка',52,4);
INSERT INTO "income" VALUES(9,'ИЗЛИШКИ ',350,5);
INSERT INTO "income" VALUES(10,'ПОЛОВИНА ЮЛИ ГУЛЯ',200,6);
CREATE TABLE sale (id INTEGER PRIMARY KEY, name VARCHAR, amount INTEGER, shift_id INTEGER);
INSERT INTO "sale" VALUES(1,'Эликсир для восстановленя волос',399,1);
INSERT INTO "sale" VALUES(2,'Маска',499,1);
INSERT INTO "sale" VALUES(3,'Шампунь',369,1);
INSERT INTO "sale" VALUES(4,'пудра д/объема',350,2);
INSERT INTO "sale" VALUES(5,'половина Гули 15:15 (Окрашивание(своя) + стрижка)',475,2);
INSERT INTO "sale" VALUES(6,'шампунь ',369,2);
INSERT INTO "sale" VALUES(7,'шампунь',369,3);
INSERT INTO "sale" VALUES(8,'бальзам',369,3);
INSERT INTO "sale" VALUES(9,'маска',499,3);
INSERT INTO "sale" VALUES(10,'гулина половина укл',250,3);
INSERT INTO "sale" VALUES(11,'винтер',300,4);
INSERT INTO "sale" VALUES(12,'шампунь кутюр',390,4);
INSERT INTO "sale" VALUES(13,'бальзам кутюр',390,4);
INSERT INTO "sale" VALUES(14,'оксигент',50,4);
INSERT INTO "sale" VALUES(15,'оксигент',50,4);
INSERT INTO "sale" VALUES(16,'ШАМПУНЬ ДЛЯ ХОЛОДНЫХ ОТТЕНКОВ',369,5);
INSERT INTO "sale" VALUES(17,'БАЛЬЗАМ ДЛЯ ХОЛОДНЫХ ОТТЕНКОВ',369,5);
INSERT INTO "sale" VALUES(18,'МАСКА ДЛЯ ВОССТАНОВЛЕНИЯ ВОЛОС ',499,5);
INSERT INTO "sale" VALUES(19,'маска',499,6);
CREATE TABLE master_to_shift (penalty INTEGER, id INTEGER PRIMARY KEY, prepayment INTEGER, leave_time TIMESTAMP, arrive_time TIMESTAMP, master_id INTEGER, shift_id INTEGER);
INSERT INTO "master_to_shift" VALUES(100,1,0,1460548584,1460537670,1,1);
INSERT INTO "master_to_shift" VALUES(0,2,0,1460541648,1460537675,2,1);
INSERT INTO "master_to_shift" VALUES(0,3,50,1460546600,1460537681,3,1);
INSERT INTO "master_to_shift" VALUES(0,4,200,1460540940,1460537687,4,1);
INSERT INTO "master_to_shift" VALUES(0,5,255,1460547419,1460537693,5,1);
INSERT INTO "master_to_shift" VALUES(0,6,0,1460630968,1460590414,6,2);
INSERT INTO "master_to_shift" VALUES(0,7,300,1460627644,1460590468,5,2);
INSERT INTO "master_to_shift" VALUES(100,8,250,1460632852,1460590596,7,2);
INSERT INTO "master_to_shift" VALUES(0,9,0,1460627518,1460593792,3,2);
INSERT INTO "master_to_shift" VALUES(0,10,0,1460635682,1460598172,9,2);
INSERT INTO "master_to_shift" VALUES(10,11,675,1460635670,1460598200,8,2);
INSERT INTO "master_to_shift" VALUES(20,12,130,1460718019,1460676532,1,3);
INSERT INTO "master_to_shift" VALUES(10,13,360,1460720584,1460676543,6,3);
INSERT INTO "master_to_shift" VALUES(0,14,130,1460719034,1460678022,3,3);
INSERT INTO "master_to_shift" VALUES(0,15,0,NULL,1460678024,3,3);
INSERT INTO "master_to_shift" VALUES(100,16,1280,1460720754,1460681675,4,3);
INSERT INTO "master_to_shift" VALUES(0,17,300,1460709076,1460683339,8,3);
INSERT INTO "master_to_shift" VALUES(0,18,0,1460723214,1460684865,7,3);
INSERT INTO "master_to_shift" VALUES(20,19,0,1460803413,1460763418,1,4);
INSERT INTO "master_to_shift" VALUES(0,20,100,1460804253,1460763450,7,4);
INSERT INTO "master_to_shift" VALUES(10,21,200,1460802556,1460763461,5,4);
INSERT INTO "master_to_shift" VALUES(10,22,300,1460809051,1460767748,4,4);
INSERT INTO "master_to_shift" VALUES(0,23,0,1460800112,1460768960,9,4);
INSERT INTO "master_to_shift" VALUES(0,24,400,1460808450,1460769640,3,4);
INSERT INTO "master_to_shift" VALUES(0,25,0,1460891707,1460849684,1,5);
INSERT INTO "master_to_shift" VALUES(0,26,250,1460887965,1460850651,5,5);
INSERT INTO "master_to_shift" VALUES(100,27,150,1460892325,1460850911,3,5);
INSERT INTO "master_to_shift" VALUES(0,28,0,1460894918,1460857792,7,5);
INSERT INTO "master_to_shift" VALUES(100,29,0,1460895153,1460858296,9,5);
INSERT INTO "master_to_shift" VALUES(10,30,250,1460895120,1460858312,8,5);
INSERT INTO "master_to_shift" VALUES(0,31,180,1460979972,1460935928,7,6);
INSERT INTO "master_to_shift" VALUES(0,32,210,NULL,1460936119,5,6);
INSERT INTO "master_to_shift" VALUES(0,33,50,1460976856,1460936131,6,6);
INSERT INTO "master_to_shift" VALUES(0,34,50,1460958325,1460942319,9,6);
INSERT INTO "master_to_shift" VALUES(10,35,0,NULL,1460942328,8,6);
INSERT INTO "master_to_shift" VALUES(0,36,200,NULL,1460943961,3,6);
CREATE TABLE shift (final_cash INTEGER, cash INTEGER, administrator_arrive TIMESTAMP, administrator_id INTEGER, id INTEGER PRIMARY KEY, started_at TIMESTAMP, finished_at TIMESTAMP);
INSERT INTO "shift" VALUES(45891,35808,1460537620,1,1,1460537502,1460548584);
INSERT INTO "shift" VALUES(54642,45891,1460618961,1,2,1460548585,1460635693);
INSERT INTO "shift" VALUES(29933,54642,1460676181,2,3,1460635694,1460723456);
INSERT INTO "shift" VALUES(44010,29933,1460763398,2,4,1460723458,1460809849);
INSERT INTO "shift" VALUES(56007,44010,1460848879,1,5,1460809851,1460896328);
INSERT INTO "shift" VALUES(NULL,56007,1460935541,1,6,1460896330,NULL);
CREATE TABLE card (
    "id" INTEGER PRIMARY KEY,
    "number" TEXT,
    "percent" INTEGER DEFAULT (5)
);
CREATE TABLE "xxx" (
    "aaa" INTEGER PRIMARY KEY AUTOINCREMENT,
    "bbb" INTEGER,
    "ccc" TEXT
, "card_id" INTEGER);
CREATE TABLE "bonus"(
  "id" INTEGER PRIMARY KEY AUTOINCREMENT,
  "card" INTEGER,
  "date" INTEGER,
  "price" INTEGER,
  "haircut" INTEGER,
  "status" INTEGER (1)
);
CREATE INDEX "bbb_idx" on xxx (bbb ASC);
CREATE INDEX "xxx_idx" on xxx (card_id ASC);
CREATE INDEX "haircut_card_id_idx" on haircut (card_id ASC);
CREATE INDEX "haircut_bonus_id_idx" on haircut (bonus_id ASC);
COMMIT;
